policy,maxsize,workload,n_requests,n_unique,hit_rate,cost_weighted_hit_rate,saved_tokens,total_tokens,latency_mean_ms,latency_p50_ms,latency_p95_ms,latency_p99_ms,evictions,harness_wall_s,harness_ops_per_s,experiment,seed
LRU,250,zipf_s1.1,50000,5000,0.65942,0.5503136396458568,8243787.1028269585,14980161.327878555,2800.0207900198925,5.0,13892.282756818951,33457.35725244051,16800,0.04643099999520928,1076866.74861965,E1_size_sweep,1
LFU,250,zipf_s1.1,50000,5000,0.70672,0.6055351920798043,9071014.867063398,14980161.327878555,2455.176184325446,5.0,12592.651174453247,33457.35725244051,14450,0.04959487507585436,1008168.6852426991,E1_size_sweep,1
FIFO,250,zipf_s1.1,50000,5000,0.61326,0.509167785737637,7627415.573308504,14980161.327878555,3060.186601827312,5.0,14229.408263037938,33666.19738723041,19100,0.036016374942846596,1388257.4267772266,E1_size_sweep,1
RR,250,zipf_s1.1,50000,5000,0.6114,0.5090079974081816,7625021.91835495,14980161.327878555,3061.6927638087404,5.0,14229.408263037938,33666.19738723041,19200,0.04276437498629093,1169197.4924461916,E1_size_sweep,1
GDSF,250,zipf_s1.1,50000,5000,0.68574,0.66535143573623,9967071.847064346,14980161.327878555,2102.942492325226,5.0,10903.938325490239,24715.650908343465,15500,0.0799454579828307,625426.4002182354,E1_size_sweep,1
LRU,500,zipf_s1.1,50000,5000,0.73982,0.6555924867238621,9820881.216468534,14980161.327878555,2145.465144563527,5.0,11826.25401830296,29744.587580194053,12600,0.04028445796575397,1241173.4580742097,E1_size_sweep,1
LFU,500,zipf_s1.1,50000,5000,0.77026,0.6947455752409671,10407400.798939478,14980161.327878555,1901.877511575234,5.0,11041.53119458086,29353.36227362568,11000,0.045987082994543016,1087261.8297171223,E1_size_sweep,1
FIFO,500,zipf_s1.1,50000,5000,0.6992,0.6115702334141082,9161420.759871686,14980161.327878555,2421.232227202143,5.0,12468.94036626405,30488.06969489679,14600,0.0314946670550853,1587570.3627076994,E1_size_sweep,1
RR,500,zipf_s1.1,50000,5000,0.6999,0.6101317599102977,9139872.194718724,14980161.327878555,2429.645153263335,5.0,12490.640541603736,30488.06969489679,14600,0.03702262509614229,1350525.519737117,E1_size_sweep,1
GDSF,500,zipf_s1.1,50000,5000,0.75218,0.7523763876174078,11270719.665795257,14980161.327878555,1561.8835648330205,5.0,8749.331981377485,20501.822799386195,11900,0.07466300006490201,669675.7424231105,E1_size_sweep,1
LRU,1000,zipf_s1.1,50000,5000,0.81454,0.7561035423540267,11326553.045043776,14980161.327878555,1521.1540131336296,5.0,9197.588698909674,24654.577428738503,8400,0.035388458985835314,1412890.0051853952,E1_size_sweep,1
LFU,1000,zipf_s1.1,50000,5000,0.82398,0.7666132656989162,11483990.396261591,14980161.327878555,1455.3942726464945,5.0,8534.731253409103,24676.66434253992,8000,0.0421716250712052,1185631.3318629975,E1_size_sweep,1
FIFO,1000,zipf_s1.1,50000,5000,0.78082,0.7136485374119048,10690570.22183491,14980161.327878555,1785.4945424170917,5.0,10404.519146433748,27304.904129738745,10000,0.026472666999325156,1888740.5640419459,E1_size_sweep,1
RR,1000,zipf_s1.1,50000,5000,0.7821,0.7195727118056472,10779315.309987657,14980161.327878555,1749.6189071560027,5.0,10151.490152906776,26326.310132832918,10000,0.030750917037948966,1625967.7699463794,E1_size_sweep,1
GDSF,1000,zipf_s1.1,50000,5000,0.81974,0.8248491278639436,12356373.0065618,14980161.327878555,1107.692028526498,5.0,6554.060117409899,17750.36988973801,8200,0.06890433304943144,725643.7699517442,E1_size_sweep,1
LRU,2000,zipf_s1.1,50000,5000,0.88052,0.8442030997686361,12646298.628029324,14980161.327878555,973.7916799395391,5.0,6139.643208878388,19310.03908419033,4000,0.031227041967213154,1601176.3154671364,E1_size_sweep,1
LFU,2000,zipf_s1.1,50000,5000,0.87748,0.8369952074462702,12538323.238206306,14980161.327878555,1017.8786358687364,5.0,6344.313174893322,19765.235891757584,4400,0.038716500042937696,1291439.0491017676,E1_size_sweep,1
FIFO,2000,zipf_s1.1,50000,5000,0.85884,0.8153290638282107,12213760.911454787,14980161.327878555,1153.202366569307,5.0,7115.449420367344,20890.92227806625,5200,0.022398415952920914,2232300.717385313,E1_size_sweep,1
RR,2000,zipf_s1.1,50000,5000,0.86046,0.8169215858112384,12237617.147678737,14980161.327878555,1143.1819720797334,5.0,6989.979855998088,20908.92839468395,5200,0.024623166071251035,2030608.080834003,E1_size_sweep,1
GDSF,2000,zipf_s1.1,50000,5000,0.88002,0.8766916600334059,13132982.502106082,14980161.327878555,779.2656303088426,5.0,4848.218858364286,15170.743950338278,4000,0.062447083997540176,800677.8987785807,E1_size_sweep,1
LRU,4000,zipf_s1.1,50000,5000,0.9234,0.8994448507451406,13473828.969691854,14980161.327878555,630.1299432745648,5.0,3604.3397423641086,14945.737203843539,0,0.02768058399669826,1806320.2714929713,E1_size_sweep,1
LFU,4000,zipf_s1.1,50000,5000,0.9234,0.8994448507451406,13473828.969691854,14980161.327878555,630.1299432745648,5.0,3604.3397423641086,14945.737203843539,0,0.03318045800551772,1506911.0857868593,E1_size_sweep,1
FIFO,4000,zipf_s1.1,50000,5000,0.9234,0.8994448507451406,13473828.969691854,14980161.327878555,630.1299432745648,5.0,3604.3397423641086,14945.737203843539,0,0.01780929195228964,2807523.1813790207,E1_size_sweep,1
RR,4000,zipf_s1.1,50000,5000,0.9234,0.8994448507451406,13473828.969691854,14980161.327878555,630.1299432745648,5.0,3604.3397423641086,14945.737203843539,0,0.017944084014743567,2786433.6769108986,E1_size_sweep,1
GDSF,4000,zipf_s1.1,50000,5000,0.9234,0.8994448507451406,13473828.969691854,14980161.327878555,630.1299432745648,5.0,3604.3397423641086,14945.737203843539,0,0.05341820803005248,936010.4324703397,E1_size_sweep,1
LRU,250,zipf_s1.1,50000,5000,0.65956,0.6958071514178181,14774351.282747552,21233399.588725775,2689.0491223911176,5.0,13429.617130787308,31034.11534144623,16800,0.04633733304217458,1079043.5425899846,E1_size_sweep,2
LFU,250,zipf_s1.1,50000,5000,0.71092,0.7366708756756102,15642027.068596758,21233399.588725775,2326.8276080513388,5.0,12888.820064088002,28783.588010886222,14250,0.049833000055514276,1003351.191866829,E1_size_sweep,2
FIFO,250,zipf_s1.1,50000,5000,0.6117,0.6482112532416927,13763728.557989577,21233399.588725775,3107.4169122945314,5.0,14783.350700161483,36554.93716340138,19200,0.03719187492970377,1344379.6553549618,E1_size_sweep,2
RR,250,zipf_s1.1,50000,5000,0.61444,0.6487297362762302,13774737.715441888,21233399.588725775,3102.204949313621,5.0,14862.121687103452,36785.010896280844,19050,0.04355962492991239,1147851.9404253413,E1_size_sweep,2
GDSF,250,zipf_s1.1,50000,5000,0.67754,0.7674639537180195,16295868.799238052,21233399.588725775,2075.1380157947897,5.0,10441.570375896732,24125.986333916644,15900,0.07825958298053592,638899.3921988517,E1_size_sweep,2
LRU,500,zipf_s1.1,50000,5000,0.73804,0.7646828703573147,16236816.944950651,21233399.588725775,2080.911257509676,5.0,11577.116521810703,28319.70473663106,12600,0.04117579199373722,1214305.7262287736,E1_size_sweep,2
LFU,500,zipf_s1.1,50000,5000,0.76574,0.7857550726169271,16684251.435743453,21233399.588725775,1893.7659611925187,5.0,10712.537210142798,28290.504027293926,11300,0.04646204202435911,1076147.276819775,E1_size_sweep,2
FIFO,500,zipf_s1.1,50000,5000,0.6978,0.726266382136658,15421104.29976587,21233399.588725775,2419.0671155837254,5.0,12679.429550146866,30463.414177192608,14700,0.032528082956559956,1537133.3154423253,E1_size_sweep,2
RR,500,zipf_s1.1,50000,5000,0.6981,0.7270458818243358,15437655.728113621,21233399.588725775,2412.358044244633,5.0,12560.004091868297,30477.654083854446,14600,0.039200832950882614,1275483.1016638956,E1_size_sweep,2
GDSF,500,zipf_s1.1,50000,5000,0.74746,0.8241176947651501,17498820.32108797,21233399.588725775,1573.3310070547739,5.0,8610.144102263941,21327.398381450126,12200,0.07784533407539129,642299.2539485568,E1_size_sweep,2
LRU,1000,zipf_s1.1,50000,5000,0.81282,0.8303960554358896,17632131.261971924,21233399.588725775,1500.725430701164,5.0,9018.362641348505,24125.75086776209,8400,0.03679804201237857,1358767.9470331706,E1_size_sweep,2
LFU,1000,zipf_s1.1,50000,5000,0.81764,0.8294702141893529,17612472.504828487,21233399.588725775,1507.1670335585866,5.0,9265.790562239596,24622.473170677316,8200,0.044266915996558964,1129511.7103682284,E1_size_sweep,2
FIFO,1000,zipf_s1.1,50000,5000,0.78024,0.8007107091278727,17001810.441884097,21233399.588725775,1762.4648587362801,5.0,10030.523723755641,26052.614098550555,10000,0.02830587502103299,1766417.7476529856,E1_size_sweep,2
RR,1000,zipf_s1.1,50000,5000,0.77848,0.7987097992462411,16959324.32282638,21233399.588725775,1779.9785063593426,5.0,10099.276964701075,26200.200944808243,10200,0.032527292030863464,1537170.692000969,E1_size_sweep,2
GDSF,1000,zipf_s1.1,50000,5000,0.81368,0.8724876075241964,18525878.006772608,21233399.588725775,1142.9730327809887,5.0,6871.2510974785155,17727.530853184908,8400,0.07158754102420062,698445.5574901949,E1_size_sweep,2
LRU,2000,zipf_s1.1,50000,5000,0.87772,0.8872209259146082,18838716.443424143,21233399.588725775,998.9458581204196,5.0,6501.152653479402,19468.90015559374,4400,0.031981791951693594,1563389.5710259678,E1_size_sweep,2
LFU,2000,zipf_s1.1,50000,5000,0.87734,0.8867553778740358,18828831.275850922,21233399.588725775,1003.0120251497347,5.0,6448.6645439916165,19756.73010614519,4400,0.0400198339484632,1249380.4962906411,E1_size_sweep,2
FIFO,2000,zipf_s1.1,50000,5000,0.85594,0.8683961567787238,18439002.5981964,21233399.588725775,1165.2564962114632,5.0,7538.729426382146,21249.856768631966,5600,0.023898957995697856,2092141.4234461894,E1_size_sweep,2
RR,2000,zipf_s1.1,50000,5000,0.8606,0.8718529173214812,18512401.376083307,21233399.588725775,1134.5222850566952,5.0,7387.469243770453,20977.052460253635,5200,0.02527666708920151,1978108.8947981037,E1_size_sweep,2
GDSF,2000,zipf_s1.1,50000,5000,0.87856,0.9114671769873683,19353546.78098063,21233399.588725775,792.7659230978943,5.0,4974.739785288485,15301.240011301905,4400,0.06500900001265109,769124.2749506952,E1_size_sweep,2
LRU,4000,zipf_s1.1,50000,5000,0.92232,0.9286419758481349,19718226.14804728,21233399.588725775,633.98497627131,5.0,3574.7234860315657,15035.827703232748,0,0.027576541993767023,1813135.2368727461,E1_size_sweep,2
LFU,4000,zipf_s1.1,50000,5000,0.92232,0.9286419758481349,19718226.14804728,21233399.588725775,633.98497627131,5.0,3574.7234860315657,15035.827703232748,0,0.03313145902939141,1509139.695769035,E1_size_sweep,2
FIFO,4000,zipf_s1.1,50000,5000,0.92232,0.9286419758481349,19718226.14804728,21233399.588725775,633.98497627131,5.0,3574.7234860315657,15035.827703232748,0,0.018139916006475687,2756352.3437567586,E1_size_sweep,2
RR,4000,zipf_s1.1,50000,5000,0.92232,0.9286419758481349,19718226.14804728,21233399.588725775,633.98497627131,5.0,3574.7234860315657,15035.827703232748,0,0.018396500032395124,2717908.292987961,E1_size_sweep,2
GDSF,4000,zipf_s1.1,50000,5000,0.92232,0.9286419758481349,19718226.14804728,21233399.588725775,633.98497627131,5.0,3574.7234860315657,15035.827703232748,0,0.05428883305285126,920999.7192484135,E1_size_sweep,2
LRU,250,zipf_s1.1,50000,5000,0.66172,0.7802264973307129,24383221.362702996,31251465.37078929,2852.0902032354593,5.0,14081.398726604555,35591.313124037275,16700,0.045903332997113466,1089245.523917493,E1_size_sweep,3
LFU,250,zipf_s1.1,50000,5000,0.71652,0.8167749983548762,25525415.57681389,31251465.37078929,2379.0465175909612,5.0,12822.445493117113,31139.10223400953,13950,0.049857249949127436,1002863.1753860917,E1_size_sweep,3
FIFO,250,zipf_s1.1,50000,5000,0.61512,0.7408127231801183,23151483.164703578,31251465.37078929,3358.5324824353706,5.0,16232.722485515167,39342.29358005009,19000,0.03684791596606374,1356928.8435755523,E1_size_sweep,3
RR,250,zipf_s1.1,50000,5000,0.6122,0.738290301651288,23072653.795644805,31251465.37078929,3390.9256300589163,5.0,16189.15748962358,39342.29358005009,19150,0.043442249996587634,1150953.277142125,E1_size_sweep,3
GDSF,250,zipf_s1.1,50000,5000,0.67536,0.8374253402406159,26170769.021151047,31251465.37078929,2133.0473398559084,5.0,10949.166770905464,24590.573434189857,16000,0.0776933339657262,643555.8554104153,E1_size_sweep,3
LRU,500,zipf_s1.1,50000,5000,0.73984,0.8313131471998263,25979754.03199723,31251465.37078929,2190.4317355175363,5.0,11966.51430728063,29401.316056909236,12600,0.04130958404857665,1210372.8747596233,E1_size_sweep,3
LFU,500,zipf_s1.1,50000,5000,0.76798,0.8466611786820003,26459402.506372176,31251465.37078929,1990.2710457674646,5.0,11489.084052878394,28157.336220277484,11200,0.04652562504634261,1074676.588443394,E1_size_sweep,3
FIFO,500,zipf_s1.1,50000,5000,0.6985,0.8004802064203179,25016179.450946826,31251465.37078929,2588.0568679378125,5.0,13171.485555817213,33094.49953575384,14600,0.03277362498920411,1525617.017234755,E1_size_sweep,3
RR,500,zipf_s1.1,50000,5000,0.6998,0.8015009943689726,25048080.57017513,31251465.37078929,2574.912920246487,5.0,13100.630332133644,32887.73962511396,14600,0.03810862498357892,1312038.9418811384,E1_size_sweep,3
GDSF,500,zipf_s1.1,50000,5000,0.74748,0.8766873319165511,27397763.794399753,31251465.37078929,1620.9740305562925,5.0,9047.003832075063,21673.58600424233,12200,0.07479141594376415,668525.9179689167,E1_size_sweep,3
LRU,1000,zipf_s1.1,50000,5000,0.81136,0.8776500625422303,27427850.537209567,31251465.37078929,1590.0947334323537,5.0,9565.87440411918,25046.882892233112,8600,0.036635917029343545,1364780.9050324163,E1_size_sweep,3
LFU,1000,zipf_s1.1,50000,5000,0.82328,0.8854063950187134,27670247.293002706,31251465.37078929,1489.619631115028,5.0,9086.246373042297,24270.298724791,8000,0.042865167022682726,1166448.2719393529,E1_size_sweep,3
FIFO,1000,zipf_s1.1,50000,5000,0.77874,0.8550598158034184,26721872.223534,31251465.37078929,1882.108958902686,5.0,10788.135788738922,27732.646366952224,10200,0.028378625051118433,1761889.4470727518,E1_size_sweep,3
RR,1000,zipf_s1.1,50000,5000,0.78016,0.8574904738186836,26797833.848326292,31251465.37078929,1851.3054089857694,5.0,10672.246474761781,27220.269180165466,10000,0.03191850008442998,1566489.6491922024,E1_size_sweep,3
GDSF,1000,zipf_s1.1,50000,5000,0.81516,0.9106949756868927,28460552.49603072,31251465.37078929,1175.8929499037417,5.0,6918.763023065127,18385.578662829554,8400,0.07018983399029821,712353.8717431802,E1_size_sweep,3
LRU,2000,zipf_s1.1,50000,5000,0.87932,0.9209404714716901,28780739.252755884,31251465.37078929,1028.8910472136467,5.0,6334.910271001728,20347.39982797308,4400,0.03231808403506875,1547121.4180192237,E1_size_sweep,3
LFU,2000,zipf_s1.1,50000,5000,0.87714,0.9185217876719288,28705151.839744758,31251465.37078929,1059.7691124181167,5.0,6521.257359956743,20836.43268230997,4400,0.040467250044457614,1235567.0312430332,E1_size_sweep,3
FIFO,2000,zipf_s1.1,50000,5000,0.85798,0.9073858463432881,28357137.3549416,31251465.37078929,1204.6271063394404,5.0,7380.385531669864,21917.806831070342,5200,0.02367454196792096,2111973.277782948,E1_size_sweep,3
RR,2000,zipf_s1.1,50000,5000,0.86008,0.9086119192381892,28395453.929558665,31251465.37078929,1188.6809764925733,5.0,7297.207939588337,21846.517713671994,5200,0.02546604094095528,1963399.0268031196,E1_size_sweep,3
GDSF,2000,zipf_s1.1,50000,5000,0.87966,0.9386297132285608,29333553.97895625,31251465.37078929,807.66485673344,5.0,4791.856799288478,15946.055164297535,4400,0.06495070806704462,769814.5484170562,E1_size_sweep,3
LRU,4000,zipf_s1.1,50000,5000,0.92304,0.949682770573703,29678978.217819307,31251465.37078929,656.698061188239,5.0,3688.328014402064,15814.381375994508,0,0.027975708013400435,1787264.8647909062,E1_size_sweep,3
LFU,4000,zipf_s1.1,50000,5000,0.92304,0.949682770573703,29678978.217819307,31251465.37078929,656.698061188239,5.0,3688.328014402064,15814.381375994508,0,0.03442154102958739,1452578.777836297,E1_size_sweep,3
FIFO,4000,zipf_s1.1,50000,5000,0.92304,0.949682770573703,29678978.217819307,31251465.37078929,656.698061188239,5.0,3688.328014402064,15814.381375994508,0,0.018521165940910578,2699614.060989391,E1_size_sweep,3
RR,4000,zipf_s1.1,50000,5000,0.92304,0.949682770573703,29678978.217819307,31251465.37078929,656.698061188239,5.0,3688.328014402064,15814.381375994508,0,0.018466082983650267,2707666.8097002287,E1_size_sweep,3
GDSF,4000,zipf_s1.1,50000,5000,0.92304,0.949682770573703,29678978.217819307,31251465.37078929,656.698061188239,5.0,3688.328014402064,15814.381375994508,0,0.05444695788901299,918324.9521841448,E1_size_sweep,3
LRU,250,zipf_s1.1,50000,5000,0.65952,0.7006260956670274,15730291.479644543,22451763.611043636,2794.0304525616843,5.0,14381.307855403664,32522.224078310956,16800,0.0460447920486331,1085899.1381085913,E1_size_sweep,4
LFU,250,zipf_s1.1,50000,5000,0.70592,0.7435308730481187,16693579.399189256,22451763.611043636,2395.0272847437404,5.0,13254.32703451566,29392.834524171085,14500,0.05010558292269707,997892.7912512273,E1_size_sweep,4
FIFO,250,zipf_s1.1,50000,5000,0.61186,0.6431017077327983,14438767.51987526,22451763.611043636,3324.6997364693725,5.0,16206.146500796855,42782.34145809835,19200,0.03709158394485712,1348014.689109352,E1_size_sweep,4
RR,250,zipf_s1.1,50000,5000,0.61358,0.6434599469622297,14446810.622370657,22451763.611043636,3320.97509547122,5.0,16241.447588437692,42782.34145809835,19100,0.043556999997235835,1147921.1149338349,E1_size_sweep,4
GDSF,250,zipf_s1.1,50000,5000,0.6759,0.7764205021664868,17432009.577409755,22451763.611043636,2108.5111134552303,5.0,11051.763543438608,24201.428031228355,16000,0.07931145909242332,630425.9254861765,E1_size_sweep,4
LRU,500,zipf_s1.1,50000,5000,0.7377,0.7684703399367063,17253514.414357275,22451763.611043636,2161.6781786763568,5.0,12265.944857313543,28082.20207126511,12700,0.04171658307313919,1198564.1276596885,E1_size_sweep,4
LFU,500,zipf_s1.1,50000,5000,0.76704,0.7924138475290297,17791088.38683935,22451763.611043636,1937.993289683269,5.0,11361.9148683844,26394.88590761651,11200,0.04710191604681313,1061527.9418847114,E1_size_sweep,4
FIFO,500,zipf_s1.1,50000,5000,0.69656,0.7264992226201784,16311188.80987521,22451763.611043636,2550.744720469377,5.0,13634.932086683679,32602.97266348258,14700,0.03285241697449237,1521958.035502275,E1_size_sweep,4
RR,500,zipf_s1.1,50000,5000,0.6956,0.7257913775492248,16295296.439668918,22451763.611043636,2557.3848685518865,5.0,13636.308638914079,32602.97266348258,14800,0.038569041993469,1296376.5086119233,E1_size_sweep,4
GDSF,500,zipf_s1.1,50000,5000,0.7446,0.8307953108764833,18652819.928962313,22451763.611043636,1599.9204728336774,5.0,9084.269135365788,21383.043507549406,12300,0.07542770891450346,662886.3678820537,E1_size_sweep,4
LRU,1000,zipf_s1.1,50000,5000,0.81296,0.8333701781825705,18710630.24104839,22451763.611043636,1556.630147999234,5.0,9749.281477222232,24215.73692167298,8400,0.03662295907270163,1365263.792604609,E1_size_sweep,4
LFU,1000,zipf_s1.1,50000,5000,0.82092,0.841523065068025,18893676.930148188,22451763.611043636,1481.0632723592958,5.0,9266.193355803669,23656.65344560291,8000,0.04292658297345042,1164779.410253185,E1_size_sweep,4
FIFO,1000,zipf_s1.1,50000,5000,0.77882,0.8015001281459083,17995091.411353115,22451763.611043636,1852.9169798776677,5.0,10975.569110463466,26442.061909040076,10200,0.028163000009953976,1775379.0427982786,E1_size_sweep,4
RR,1000,zipf_s1.1,50000,5000,0.77908,0.801759427140855,18000913.13109224,22451763.611043636,1850.5115919820148,5.0,10881.443799471932,26802.46469356774,10200,0.03170679206959903,1576949.1877401492,E1_size_sweep,4
GDSF,1000,zipf_s1.1,50000,5000,0.8151,0.879268720449336,19741133.462113302,22451763.611043636,1143.7975595729365,5.0,6836.275091757347,18138.033053232,8400,0.06943862501066178,720060.3409460207,E1_size_sweep,4
LRU,2000,zipf_s1.1,50000,5000,0.87988,0.8940921716625523,20073946.08465227,22451763.611043636,991.5624105572386,5.0,6303.189499316636,20045.814555419445,4400,0.03177570796106011,1573529.0638141895,E1_size_sweep,4
LFU,2000,zipf_s1.1,50000,5000,0.87632,0.890820961576175,20000501.649070866,22451763.611043636,1021.9903847898759,5.0,6522.729414349467,20186.889446188095,4400,0.040298416977748275,1240743.5266652952,E1_size_sweep,4
FIFO,2000,zipf_s1.1,50000,5000,0.85674,0.8730250340811688,19600951.691713717,22451763.611043636,1187.586467732827,5.0,7601.535844275945,21609.488070884574,5200,0.023132250062189996,2161484.5017487397,E1_size_sweep,4
RR,2000,zipf_s1.1,50000,5000,0.85936,0.8762683385797949,19673769.597635504,22451763.611043636,1157.6864053640818,5.0,7310.068695203707,21357.39676249405,5200,0.025700083002448082,1945519.0084497863,E1_size_sweep,4
GDSF,2000,zipf_s1.1,50000,5000,0.8807,0.9171648162136569,20591967.645995304,22451763.611043636,784.1118860198684,5.0,4829.974740684525,15312.908334197671,4000,0.06508708302862942,768201.5796898877,E1_size_sweep,4
LRU,4000,zipf_s1.1,50000,5000,0.92258,0.9323117937152192,20932044.00428218,22451763.611043636,635.7267427050527,5.0,3532.2019966975367,15204.24525825725,0,0.02711808297317475,1843788.1486482683,E1_size_sweep,4
LFU,4000,zipf_s1.1,50000,5000,0.92258,0.9323117937152192,20932044.00428218,22451763.611043636,635.7267427050527,5.0,3532.2019966975367,15204.24525825725,0,0.03396916692145169,1471923.0564475446,E1_size_sweep,4
FIFO,4000,zipf_s1.1,50000,5000,0.92258,0.9323117937152192,20932044.00428218,22451763.611043636,635.7267427050527,5.0,3532.2019966975367,15204.24525825725,0,0.018520875019021332,2699656.4659417514,E1_size_sweep,4
RR,4000,zipf_s1.1,50000,5000,0.92258,0.9323117937152192,20932044.00428218,22451763.611043636,635.7267427050527,5.0,3532.2019966975367,15204.24525825725,0,0.01857062499038875,2692424.1928248275,E1_size_sweep,4
GDSF,4000,zipf_s1.1,50000,5000,0.92258,0.9323117937152192,20932044.00428218,22451763.611043636,635.7267427050527,5.0,3532.2019966975367,15204.24525825725,0,0.055241875001229346,905110.4800278286,E1_size_sweep,4
LRU,250,zipf_s1.1,50000,5000,0.66346,0.6667670779237995,13957463.484467328,20933042.35705296,2894.510849034602,5.0,14976.98203945083,35539.54781673706,16600,0.046823207987472415,1067846.5263075852,E1_size_sweep,5
LFU,250,zipf_s1.1,50000,5000,0.71488,0.7186594635374257,15043728.99052589,20933042.35705296,2444.8357466111343,5.0,12896.961028300413,32857.51056268365,14050,0.049912999966181815,1001743.0335559299,E1_size_sweep,5
FIFO,250,zipf_s1.1,50000,5000,0.61596,0.6041208861803845,12646088.099194359,20933042.35705296,3433.073503143777,5.0,16642.149816653346,38269.023768930245,19000,0.036574707948602736,1367064.9146471217,E1_size_sweep,5
RR,250,zipf_s1.1,50000,5000,0.61488,0.6048321828571668,12660977.702657873,20933042.35705296,3427.436261758366,5.0,16642.149816653346,38269.023768930245,19050,0.043675500084646046,1144806.5827087646,E1_size_sweep,5
GDSF,250,zipf_s1.1,50000,5000,0.6851,0.7538149397708652,15779640.063602846,20933042.35705296,2159.256417380325,5.0,10631.20732874503,26249.786453699366,15500,0.07813158398494124,639946.0685404355,E1_size_sweep,5
LRU,500,zipf_s1.1,50000,5000,0.74246,0.7457001295336583,15609772.397187948,20933042.35705296,2210.282283946296,5.0,11916.392341794055,31747.364987636116,12400,0.04114237509202212,1215292.0167629179,E1_size_sweep,5
LFU,500,zipf_s1.1,50000,5000,0.76682,0.7718985619433628,16158185.292508682,20933042.35705296,1983.730925817996,5.0,10895.82673939834,29196.872321823965,11200,0.046564541989937425,1073778.412999423,E1_size_sweep,5
FIFO,500,zipf_s1.1,50000,5000,0.70116,0.6972627185703995,14595830.021828068,20933042.35705296,2628.0427340902497,5.0,14010.473073526427,34278.76301909948,14500,0.0326657920377329,1530653.2271510214,E1_size_sweep,5
RR,500,zipf_s1.1,50000,5000,0.70268,0.6976223231630748,14603357.639998334,20933042.35705296,2624.5832868221523,5.0,14060.426193539715,34486.7612917176,14400,0.03781291702762246,1322299.466171172,E1_size_sweep,5
GDSF,500,zipf_s1.1,50000,5000,0.75102,0.8145830060038789,17051700.568014722,20933042.35705296,1630.9858156155306,5.0,8828.452997845327,22062.914720675017,12000,0.07460216607432812,670221.8264035882,E1_size_sweep,5
LRU,1000,zipf_s1.1,50000,5000,0.81606,0.8180948166495887,17125213.449011315,20933042.35705296,1582.3938632169163,5.0,9247.343057624737,26269.881551714967,8200,0.0363092499319464,1377059.567292463,E1_size_sweep,5
LFU,1000,zipf_s1.1,50000,5000,0.82628,0.8292742786505487,17359233.600606475,20933042.35705296,1485.7709025788358,5.0,8802.55162732736,25852.716762660162,7800,0.043645250028930604,1145600.035899831,E1_size_sweep,5
FIFO,1000,zipf_s1.1,50000,5000,0.78238,0.7831544741126646,16393805.778715944,20933042.35705296,1884.892531335066,5.0,10646.654181359187,29922.834295000932,10000,0.028281208011321723,1767958.4259619908,E1_size_sweep,5
RR,1000,zipf_s1.1,50000,5000,0.78518,0.7836984545370591,16405192.943981202,20933042.35705296,1879.511665228963,5.0,10643.998349708156,29922.834295000932,9800,0.03167470800690353,1578546.5169592868,E1_size_sweep,5
GDSF,1000,zipf_s1.1,50000,5000,0.81978,0.8674749666471272,18158890.220507417,20933042.35705296,1167.8257546183754,5.0,6867.766610663259,18675.427351365834,8200,0.07003195793367922,713959.7617326416,E1_size_sweep,5
LRU,2000,zipf_s1.1,50000,5000,0.88098,0.8823488409160843,18470245.660592977,20933042.35705296,1025.229578584137,5.0,6302.9706321569765,20339.96043177866,4000,0.031635125051252544,1580521.648610342,E1_size_sweep,5
LFU,2000,zipf_s1.1,50000,5000,0.8807,0.8833009419434145,18490176.03172627,20933042.35705296,1017.3400301308128,5.0,6209.60678842599,20326.988226873716,4000,0.038821290945634246,1287953.0479813393,E1_size_sweep,5
FIFO,2000,zipf_s1.1,50000,5000,0.85948,0.8601125856563866,18004773.187379483,20933042.35705296,1217.761067869572,5.0,7355.206439496018,22679.758677715,5200,0.023568125092424452,2121509.4456568207,E1_size_sweep,5
RR,2000,zipf_s1.1,50000,5000,0.86482,0.8659225815158025,18126394.07679894,20933042.35705296,1167.5374121017837,5.0,7063.419504338512,22062.914720675017,4800,0.024968957994133234,2002486.4478424818,E1_size_sweep,5
GDSF,2000,zipf_s1.1,50000,5000,0.88062,0.9072441515924227,18991380.25347276,20933042.35705296,816.8819414322033,5.0,5000.0136801796425,15947.62597557339,4000,0.06372041697613895,784677.8532338111,E1_size_sweep,5
LRU,4000,zipf_s1.1,50000,5000,0.92318,0.9243302761473803,19349044.82249957,20933042.35705296,661.2609138214608,5.0,3708.0562798942333,15668.370949377952,0,0.027873250073753297,1793834.585765879,E1_size_sweep,5
LFU,4000,zipf_s1.1,50000,5000,0.92318,0.9243302761473803,19349044.82249957,20933042.35705296,661.2609138214608,5.0,3708.0562798942333,15668.370949377952,0,0.033413375029340386,1496406.7519696783,E1_size_sweep,5
FIFO,4000,zipf_s1.1,50000,5000,0.92318,0.9243302761473803,19349044.82249957,20933042.35705296,661.2609138214608,5.0,3708.0562798942333,15668.370949377952,0,0.01826129201799631,2738031.895592356,E1_size_sweep,5
RR,4000,zipf_s1.1,50000,5000,0.92318,0.9243302761473803,19349044.82249957,20933042.35705296,661.2609138214608,5.0,3708.0562798942333,15668.370949377952,0,0.018326250021345913,2728326.850379176,E1_size_sweep,5
GDSF,4000,zipf_s1.1,50000,5000,0.92318,0.9243302761473803,19349044.82249957,20933042.35705296,661.2609138214608,5.0,3708.0562798942333,15668.370949377952,0,0.054362625000067055,919749.5521958023,E1_size_sweep,5
LRU,250,zipf_s1.1,50000,5000,0.66258,0.7346650776964184,19236932.10434956,26184628.463173978,2883.617443530016,5.0,14514.729558250818,35425.199917995335,16650,0.04604070808272809,1085995.4610202273,E1_size_sweep,6
LFU,250,zipf_s1.1,50000,5000,0.7145,0.7805391755479909,20438128.312676273,26184628.463173978,2387.8225601992167,5.0,13386.045037220865,29240.807255514523,14050,0.049297666060738266,1014246.7989944272,E1_size_sweep,6
FIFO,250,zipf_s1.1,50000,5000,0.61494,0.6869059980710128,17986378.348615173,26184628.463173978,3397.892745823803,5.0,15925.985294941385,41957.4127296761,19050,0.03627712500747293,1378279.0116278569,E1_size_sweep,6
RR,250,zipf_s1.1,50000,5000,0.6143,0.6859964595855412,17962562.42130014,26184628.463173978,3407.607916749832,5.0,15976.617365399195,45720.95194538376,19050,0.04347883304581046,1149984.8661374757,E1_size_sweep,6
GDSF,250,zipf_s1.1,50000,5000,0.68014,0.812451884671107,21273750.74431841,26184628.463173978,2063.7097875423683,5.0,10942.246694099376,23028.20502022961,15750,0.07834170793648809,638229.6393197756,E1_size_sweep,6
LRU,500,zipf_s1.1,50000,5000,0.74172,0.8019995339499533,21000059.824118212,26184628.463173978,2155.02005562247,5.0,12123.49514589669,27977.280908794222,12500,0.04111516603734344,1216096.2685785284,E1_size_sweep,6
LFU,500,zipf_s1.1,50000,5000,0.76802,0.8230732882779931,21551868.25152214,26184628.463173978,1926.5381846608511,5.0,11242.936344370391,26055.95610940832,11100,0.046393249998800457,1077742.990656891,E1_size_sweep,6
FIFO,500,zipf_s1.1,50000,5000,0.70116,0.7643490039568192,20014194.684806406,26184628.463173978,2561.3313113472223,5.0,13778.572699908966,33895.00529136865,14500,0.03258200001437217,1534589.6500504762,E1_size_sweep,6
RR,500,zipf_s1.1,50000,5000,0.7027,0.766401953351286,20067950.40195422,26184628.463173978,2539.3747244880615,5.0,13697.765564673575,33872.01331435685,14400,0.038078583078458905,1313074.06835432,E1_size_sweep,6
GDSF,500,zipf_s1.1,50000,5000,0.7504,0.8590022036180434,22492653.550786186,26184628.463173978,1555.4219649552397,5.0,8850.134481901528,19690.66396450627,12000,0.07485354202799499,667971.0624956152,E1_size_sweep,6
LRU,1000,zipf_s1.1,50000,5000,0.81462,0.8609478226395694,22543598.86199573,26184628.463173978,1516.0989404714048,5.0,9288.903652000652,23112.132907502513,8400,0.036392166977748275,1373922.0319189054,E1_size_sweep,6
LFU,1000,zipf_s1.1,50000,5000,0.82544,0.8709006736664486,22804210.568283882,26184628.463173978,1408.6623579561287,5.0,8754.928315774638,22543.193430086245,7800,0.043260541977360845,1155787.6465386415,E1_size_sweep,6
FIFO,1000,zipf_s1.1,50000,5000,0.78276,0.8323253572283128,21794130.239501927,26184628.463173978,1825.2850894689195,5.0,10876.41262549646,26338.89629546245,10000,0.028021125006489456,1784368.04333946,E1_size_sweep,6
RR,1000,zipf_s1.1,50000,5000,0.7823,0.8322948682462205,21793331.89683362,26184628.463173978,1825.7401265362444,5.0,11085.079777321793,26151.533116895815,10000,0.03201158391311765,1561934.5839213878,E1_size_sweep,6
GDSF,1000,zipf_s1.1,50000,5000,0.8185,0.8978071514819851,23508746.69313634,26184628.463173978,1128.8952080151194,5.0,6838.393792268606,17036.42237864665,8200,0.0701861249981448,712391.5161482648,E1_size_sweep,6
LRU,2000,zipf_s1.1,50000,5000,0.88072,0.9103789321140292,23837934.09810694,26184628.463173978,978.8653460268255,5.0,6307.267411792602,18348.34266277446,4000,0.031240500044077635,1600486.5456524172,E1_size_sweep,6
LFU,2000,zipf_s1.1,50000,5000,0.87844,0.9084580002841628,23787635.211838804,26184628.463173978,999.6575005340794,5.0,6380.837647997755,18442.59511006264,4400,0.0398259999928996,1255461.256689456,E1_size_sweep,6
FIFO,2000,zipf_s1.1,50000,5000,0.85892,0.8934335097302403,23394224.508835874,26184628.463173978,1162.7801817352736,5.0,7383.654445879883,20638.822790266182,5200,0.023600458982400596,2118602.8643462462,E1_size_sweep,6
RR,2000,zipf_s1.1,50000,5000,0.86246,0.8953902599418264,23445461.286121495,26184628.463173978,1141.2411708210188,5.0,7153.873158190473,20391.589744969988,5200,0.025509041035547853,1960089.3632309828,E1_size_sweep,6
GDSF,2000,zipf_s1.1,50000,5000,0.87992,0.9285388274132413,24313444.209446948,26184628.463173978,788.897301490839,5.0,4874.112717026769,15256.798000085482,4400,0.06506416597403586,768472.1574691777,E1_size_sweep,6
LRU,4000,zipf_s1.1,50000,5000,0.92294,0.9419810149163601,24665422.894948434,26184628.463173978,635.4149272902165,5.0,3602.6331839684894,14971.072787346566,0,0.028000083984807134,1785708.9295564268,E1_size_sweep,6
LFU,4000,zipf_s1.1,50000,5000,0.92294,0.9419810149163601,24665422.894948434,26184628.463173978,635.4149272902165,5.0,3602.6331839684894,14971.072787346566,0,0.03370208397973329,1483587.7813985464,E1_size_sweep,6
FIFO,4000,zipf_s1.1,50000,5000,0.92294,0.9419810149163601,24665422.894948434,26184628.463173978,635.4149272902165,5.0,3602.6331839684894,14971.072787346566,0,0.018245332990773022,2740426.827248692,E1_size_sweep,6
RR,4000,zipf_s1.1,50000,5000,0.92294,0.9419810149163601,24665422.894948434,26184628.463173978,635.4149272902165,5.0,3602.6331839684894,14971.072787346566,0,0.018276209011673927,2735797.12116788,E1_size_sweep,6
GDSF,4000,zipf_s1.1,50000,5000,0.92294,0.9419810149163601,24665422.894948434,26184628.463173978,635.4149272902165,5.0,3602.6331839684894,14971.072787346566,0,0.0546963750384748,914137.3622078017,E1_size_sweep,6
LRU,250,zipf_s1.1,50000,5000,0.65714,0.5865229684079791,9646128.547650132,16446292.928362165,2826.209452284876,5.0,14096.23557362372,33169.27447087375,16900,0.04616904107388109,1082976.7921752695,E1_size_sweep,7
LFU,250,zipf_s1.1,50000,5000,0.70894,0.6336314437874246,10420888.33314903,16446292.928362165,2501.0245380853253,5.0,13445.81176652683,32651.410701881145,14350,0.04937287501525134,1012701.8121702442,E1_size_sweep,7
FIFO,250,zipf_s1.1,50000,5000,0.60968,0.541529377427416,8906150.770484878,16446292.928362165,3136.201263150997,5.0,15333.952394427559,33621.94873021683,19300,0.036985957995057106,1351864.4023410755,E1_size_sweep,7
RR,250,zipf_s1.1,50000,5000,0.61056,0.5414354491194631,8904605.998018019,16446292.928362165,3136.5595721377445,5.0,15334.116981039351,33621.94873021683,19250,0.04361295804847032,1146448.263023831,E1_size_sweep,7
GDSF,250,zipf_s1.1,50000,5000,0.6741,0.6870761479222505,11299855.592820024,16446292.928362165,2159.715434216863,5.0,10951.70175604206,24966.22303235476,16050,0.08023645798675716,623158.1160805027,E1_size_sweep,7
LRU,500,zipf_s1.1,50000,5000,0.73568,0.6744454065794956,11092126.720794704,16446292.928362165,2224.640883027057,5.0,12303.605859502484,30645.73307908414,12800,0.041414333041757345,1207311.4868126905,E1_size_sweep,7
LFU,500,zipf_s1.1,50000,5000,0.76846,0.70557106109724,11604028.352580527,16446292.928362165,2010.2101303127313,5.0,11690.421955720793,30631.142326097233,11100,0.04575970792211592,1092664.3169379742,E1_size_sweep,7
FIFO,500,zipf_s1.1,50000,5000,0.69582,0.6361796384166851,10462796.688460328,16446292.928362165,2488.13159596079,5.0,13219.066996053862,31068.38757399288,14800,0.03207650000695139,1558773.5566275732,E1_size_sweep,7
RR,500,zipf_s1.1,50000,5000,0.69706,0.6351277879126613,10445497.646954307,16446292.928362165,2494.6854125632035,5.0,13372.289436863939,31068.136034939635,14700,0.037690249970182776,1326603.0349906308,E1_size_sweep,7
GDSF,500,zipf_s1.1,50000,5000,0.74792,0.7623971583921683,12538606.994668527,16446292.928362165,1642.4379734774798,5.0,9172.846928062696,21599.546788102605,12200,0.07547975005581975,662429.3265812799,E1_size_sweep,7
LRU,1000,zipf_s1.1,50000,5000,0.81116,0.7669667529249141,12613759.884917907,16446292.928362165,1593.7210173777478,5.0,9565.08854087926,25180.613344276335,8600,0.03653354209382087,1368605.3181374052,E1_size_sweep,7
LFU,1000,zipf_s1.1,50000,5000,0.82124,0.7748190561631393,12742901.164136084,16446292.928362165,1539.0909056904968,5.0,9397.092753623914,25204.311428319364,8000,0.04418641608208418,1131569.4829631813,E1_size_sweep,7
FIFO,1000,zipf_s1.1,50000,5000,0.77834,0.7297747687333094,12002089.61831576,16446292.928362165,1848.0710240186238,5.0,10723.03015129198,27550.597998227102,10200,0.028147125034593046,1776380.3563791895,E1_size_sweep,7
RR,1000,zipf_s1.1,50000,5000,0.77988,0.7332111523196337,12058605.389390666,16446292.928362165,1825.0104155886665,5.0,10539.324008993925,26975.472335215603,10200,0.032264459063299,1549692.802904459,E1_size_sweep,7
GDSF,1000,zipf_s1.1,50000,5000,0.8157,0.8294722778996507,13641744.058293482,16446292.928362165,1181.1880480274913,5.0,7294.810815200787,18645.1053707534,8400,0.07113458297681063,702892.9939225151,E1_size_sweep,7
LRU,2000,zipf_s1.1,50000,5000,0.87686,0.8478024863549557,13943208.035987368,16446292.928362165,1042.5602569499479,5.0,6821.683689215839,19921.425348949077,4400,0.03217829100321978,1553842.6200135043,E1_size_sweep,7
LFU,2000,zipf_s1.1,50000,5000,0.87598,0.8475982187715282,13939848.591474552,16446292.928362165,1044.1636347550702,5.0,6767.146306173898,20060.19277509768,4400,0.04020887508522719,1243506.5615245248,E1_size_sweep,7
FIFO,2000,zipf_s1.1,50000,5000,0.85474,0.8222647843264317,13523207.507709034,16446292.928362165,1217.0858682612766,5.0,7913.7161484429225,22212.69063446251,5600,0.023919292027130723,2090362.8729181008,E1_size_sweep,7
RR,2000,zipf_s1.1,50000,5000,0.86072,0.8295705116816318,13643359.639847403,16446292.928362165,1167.2609154059262,5.0,7629.195269266153,21266.573213857817,5200,0.025717832962982357,1944176.2481298025,E1_size_sweep,7
GDSF,2000,zipf_s1.1,50000,5000,0.87864,0.8829693618793365,14521572.772236586,16446292.928362165,810.6892624502703,5.0,4996.921844341154,15846.743173261986,4400,0.06578979105688632,759996.3337285356,E1_size_sweep,7
LRU,4000,zipf_s1.1,50000,5000,0.92276,0.9054671260961757,14891577.592779947,16446292.928362165,649.6719342329221,5.0,3621.2009439289463,15413.120499172797,0,0.028066124999895692,1781507.065909021,E1_size_sweep,7
LFU,4000,zipf_s1.1,50000,5000,0.92276,0.9054671260961757,14891577.592779947,16446292.928362165,649.6719342329221,5.0,3621.2009439289463,15413.120499172797,0,0.03442312509287149,1452511.9339137007,E1_size_sweep,7
FIFO,4000,zipf_s1.1,50000,5000,0.92276,0.9054671260961757,14891577.592779947,16446292.928362165,649.6719342329221,5.0,3621.2009439289463,15413.120499172797,0,0.01842416706494987,2713826.8896356234,E1_size_sweep,7
RR,4000,zipf_s1.1,50000,5000,0.92276,0.9054671260961757,14891577.592779947,16446292.928362165,649.6719342329221,5.0,3621.2009439289463,15413.120499172797,0,0.018381583970040083,2720113.787881087,E1_size_sweep,7
GDSF,4000,zipf_s1.1,50000,5000,0.92276,0.9054671260961757,14891577.592779947,16446292.928362165,649.6719342329221,5.0,3621.2009439289463,15413.120499172797,0,0.05462495901156217,915332.4946095936,E1_size_sweep,7
LRU,250,zipf_s1.1,50000,5000,0.65936,0.524983843433934,7779555.1689254325,14818656.357192146,2921.1292753051384,5.0,15864.288890894231,33733.05127355818,16800,0.046107750036753714,1084416.3933426305,E1_size_sweep,8
LFU,250,zipf_s1.1,50000,5000,0.71178,0.6082358996636017,9013238.781222515,14818656.357192146,2412.191930386525,5.0,13514.016662644537,31331.963951829748,14200,0.050102250068448484,997959.1721268249,E1_size_sweep,8
FIFO,250,zipf_s1.1,50000,5000,0.61282,0.4697130243384723,6960515.894169251,14818656.357192146,3262.4742852076683,5.0,16663.08274635604,35182.36479507233,19150,0.0364586659707129,1371416.0589464463,E1_size_sweep,8
RR,250,zipf_s1.1,50000,5000,0.6113,0.46961773960139097,6959103.902394358,14818656.357192146,3263.48748191763,5.0,16663.08274635604,35021.13561029758,19200,0.043557708035223186,1147902.4552799521,E1_size_sweep,8
GDSF,250,zipf_s1.1,50000,5000,0.68612,0.6509021235069858,9645494.890416663,14818656.357192146,2166.859186709064,5.0,11130.184593190395,26910.60373687944,15450,0.07945787499193102,629264.2485729391,E1_size_sweep,8
LRU,500,zipf_s1.1,50000,5000,0.73892,0.6401864739433255,9486703.361888684,14818656.357192146,2214.799798120202,5.0,12601.411265598763,30124.26728329347,12600,0.04168541694525629,1199460.2348745342,E1_size_sweep,8
LFU,500,zipf_s1.1,50000,5000,0.77268,0.684489215137264,10143210.45932328,14818656.357192146,1942.2377591465768,5.0,11324.207511594519,28438.690726894285,10900,0.047151625039987266,1060408.839729217,E1_size_sweep,8
FIFO,500,zipf_s1.1,50000,5000,0.69668,0.5828596189561059,8637196.39779449,14818656.357192146,2567.06338375759,5.0,14093.981684626542,32699.5357512256,14700,0.03296916699036956,1516568.49609228,E1_size_sweep,8
RR,500,zipf_s1.1,50000,5000,0.6989,0.583093420967974,8640661.029463984,14818656.357192146,2565.0226310897924,5.0,14092.926315031838,32699.5357512256,14600,0.040047166985459626,1248527.7677233464,E1_size_sweep,8
GDSF,500,zipf_s1.1,50000,5000,0.74708,0.7380983594228162,10937625.946094008,14818656.357192146,1632.0235644385045,5.0,8738.761059770712,21851.600504513,12200,0.07636599999386817,654741.6390018433,E1_size_sweep,8
LRU,1000,zipf_s1.1,50000,5000,0.81262,0.7409013133390606,10979161.95696388,14818656.357192146,1596.07486009056,5.0,9658.903941407336,26605.650249612343,8400,0.036938500008545816,1353601.2558288067,E1_size_sweep,8
LFU,1000,zipf_s1.1,50000,5000,0.82486,0.7554263530047339,11194403.528344078,14818656.357192146,1506.36743153853,5.0,8947.586922319946,26761.859708081873,7800,0.04301929194480181,1162269.245717832,E1_size_sweep,8
FIFO,1000,zipf_s1.1,50000,5000,0.77944,0.696713140177595,10324352.603832021,14818656.357192146,1867.7867013431123,5.0,11062.141506915363,28360.358825439052,10200,0.028280167025513947,1768023.5040652603,E1_size_sweep,8
RR,1000,zipf_s1.1,50000,5000,0.78118,0.6973866390828047,10334332.95266527,14818656.357192146,1863.2812618098276,5.0,11022.99002976819,28434.404892482078,10000,0.03193454199936241,1565702.7428481134,E1_size_sweep,8
GDSF,1000,zipf_s1.1,50000,5000,0.81638,0.815124816202202,12079054.53951984,14818656.357192146,1155.0086270684458,5.0,6802.154145865179,18558.725209167504,8200,0.07057354203425348,708480.8068118795,E1_size_sweep,8
LRU,2000,zipf_s1.1,50000,5000,0.87984,0.8355138501124312,12381192.626490664,14818656.357192146,1015.4326922801893,5.0,6301.565790256471,20126.17181764283,4400,0.032074415939860046,1558874.839490473,E1_size_sweep,8
LFU,2000,zipf_s1.1,50000,5000,0.87746,0.8342711960609983,12362778.163131608,14818656.357192146,1023.5005776237826,5.0,6338.977060929378,20203.546289742866,4400,0.040206249919719994,1243587.7531437334,E1_size_sweep,8
FIFO,2000,zipf_s1.1,50000,5000,0.85676,0.8030830737066273,11900612.095536122,14818656.357192146,1214.4735046618905,5.0,7535.239579225926,22137.50031277248,5200,0.023760749958455563,2104310.6841081367,E1_size_sweep,8
RR,2000,zipf_s1.1,50000,5000,0.85952,0.8071744712861031,11961241.11028702,14818656.357192146,1189.4076987615545,5.0,7347.772142988502,22042.74508601619,5200,0.025514291948638856,1959685.971323512,E1_size_sweep,8
GDSF,2000,zipf_s1.1,50000,5000,0.88076,0.8710241690875666,12907407.840517476,14818656.357192146,804.6752066695237,5.0,4922.857060162628,16139.22710601133,4000,0.0644753749947995,775489.867318072,E1_size_sweep,8
LRU,4000,zipf_s1.1,50000,5000,0.92218,0.8945914079700366,13256642.654804654,14818656.357192146,652.7623809546847,5.0,3703.275460247903,15944.816603851717,0,0.02773312502540648,1802898.1571386096,E1_size_sweep,8
LFU,4000,zipf_s1.1,50000,5000,0.92218,0.8945914079700366,13256642.654804654,14818656.357192146,652.7623809546847,5.0,3703.275460247903,15944.816603851717,0,0.03316450002603233,1507636.1760542965,E1_size_sweep,8
FIFO,4000,zipf_s1.1,50000,5000,0.92218,0.8945914079700366,13256642.654804654,14818656.357192146,652.7623809546847,5.0,3703.275460247903,15944.816603851717,0,0.018283165991306305,2734756.115203195,E1_size_sweep,8
RR,4000,zipf_s1.1,50000,5000,0.92218,0.8945914079700366,13256642.654804654,14818656.357192146,652.7623809546847,5.0,3703.275460247903,15944.816603851717,0,0.01834787498228252,2725111.2212330913,E1_size_sweep,8
GDSF,4000,zipf_s1.1,50000,5000,0.92218,0.8945914079700366,13256642.654804654,14818656.357192146,652.7623809546847,5.0,3703.275460247903,15944.816603851717,0,0.05497058399487287,909577.3842363312,E1_size_sweep,8
LRU,250,zipf_s1.1,50000,5000,0.6622,0.6070724180665487,10503848.004636008,17302462.922116406,2824.0969669914175,5.0,14273.172484956996,32718.066684702084,16650,0.04590224998537451,1089271.2234352592,E1_size_sweep,9
LFU,250,zipf_s1.1,50000,5000,0.70678,0.6499029711815428,11244922.061841933,17302462.922116406,2514.5162441092084,5.0,13501.8922507181,32141.83136582191,14450,0.05003329098690301,999334.6232828912,E1_size_sweep,9
FIFO,250,zipf_s1.1,50000,5000,0.61426,0.5561614696797543,9622963.207843717,17302462.922116406,3190.5931857081373,5.0,15393.426947844062,33875.996335314434,19050,0.03687637497205287,1355881.6461187685,E1_size_sweep,9
RR,250,zipf_s1.1,50000,5000,0.61408,0.5605065616539555,9698144.000620518,17302462.922116406,3160.5739685974295,5.0,15368.521043484327,33521.05247968034,19050,0.0436452078865841,1145601.1420527399,E1_size_sweep,9
GDSF,250,zipf_s1.1,50000,5000,0.67324,0.7008634450256713,12126663.771023449,17302462.922116406,2171.713860436767,5.0,11433.983861024262,25151.958554969806,16100,0.07972912502009422,627123.4004812978,E1_size_sweep,9
LRU,500,zipf_s1.1,50000,5000,0.74122,0.6970044964538497,12059894.45644115,17302462.922116406,2178.367486269656,5.0,12258.49361163036,29495.29564511438,12500,0.04162770905531943,1201123.0292196614,E1_size_sweep,9
LFU,500,zipf_s1.1,50000,5000,0.7678,0.7195538497079734,12450053.805038331,17302462.922116406,2014.4626468308327,5.0,11724.506906896613,28532.939060852837,11200,0.047493541962467134,1052774.712812821,E1_size_sweep,9
FIFO,500,zipf_s1.1,50000,5000,0.70058,0.6522172441525121,11284964.684113786,17302462.922116406,2500.3281952004772,5.0,13501.8922507181,31585.365013801158,14500,0.03280695807188749,1524066.9339241586,E1_size_sweep,9
RR,500,zipf_s1.1,50000,5000,0.70058,0.6537216059938321,11310993.84909467,17302462.922116406,2489.9165292081307,5.0,13501.8922507181,30106.035721225762,14500,0.03846358403097838,1299930.8634299457,E1_size_sweep,9
GDSF,500,zipf_s1.1,50000,5000,0.74496,0.7715252493806392,13349287.020885123,17302462.922116406,1661.5071604922643,5.0,9059.733664897874,21583.236192050495,12300,0.07692620798479766,649973.5436053356,E1_size_sweep,9
LRU,1000,zipf_s1.1,50000,5000,0.81368,0.7776051675022606,13454484.578753982,17302462.922116406,1599.1557373447172,5.0,9854.713866202786,25651.712154320317,8400,0.03655308298766613,1367873.6761238766,E1_size_sweep,9
LFU,1000,zipf_s1.1,50000,5000,0.82492,0.7908714587786714,13684024.091678075,17302462.922116406,1504.024132175097,5.0,9254.842314984151,24557.900797094513,7800,0.04348637501243502,1149785.4209669672,E1_size_sweep,9
FIFO,1000,zipf_s1.1,50000,5000,0.7813,0.7424920430943012,12846941.045605604,17302462.922116406,1851.7252506039877,5.0,11220.056302322833,26902.803973377904,10000,0.028182624955661595,1774142.7591880693,E1_size_sweep,9
RR,1000,zipf_s1.1,50000,5000,0.78244,0.7433708566414101,12862146.68441991,17302462.922116406,1845.3066950782693,5.0,11197.160259337097,26984.658468671623,10000,0.031989082926884294,1563033.242130832,E1_size_sweep,9
GDSF,1000,zipf_s1.1,50000,5000,0.81938,0.8401392100242352,14536477.530860499,17302462.922116406,1164.677056502236,5.0,6812.33164650337,18217.810053123874,8200,0.07125341705977917,701720.7323271489,E1_size_sweep,9
LRU,2000,zipf_s1.1,50000,5000,0.88056,0.8565889899014709,14821099.237263346,17302462.922116406,1032.780273941134,5.0,6230.3518412543535,19864.5946967325,4000,0.03209524997510016,1557862.9248499556,E1_size_sweep,9
LFU,2000,zipf_s1.1,50000,5000,0.87914,0.85518508028434,14796808.143166935,17302462.922116406,1042.9156115796993,5.0,6434.326571367636,19915.902502048386,4400,0.040631209034472704,1230581.1514882203,E1_size_sweep,9
FIFO,2000,zipf_s1.1,50000,5000,0.8577,0.8312336840162183,14382389.997304842,17302462.922116406,1215.007669924493,5.0,7499.521089197423,21749.1507685354,5200,0.02370704198256135,2109077.9708737796,E1_size_sweep,9
RR,2000,zipf_s1.1,50000,5000,0.86148,0.8369499285777394,14481295.10688431,17302462.922116406,1174.3305260927348,5.0,7296.13176898276,21125.431958677113,5200,0.025426166015677154,1966478.1536143208,E1_size_sweep,9
GDSF,2000,zipf_s1.1,50000,5000,0.88152,0.8886825103961449,15376396.185662623,17302462.922116406,810.3782945814504,5.0,4893.979359001231,15941.725540062995,4000,0.06434687494765967,777038.5126032997,E1_size_sweep,9
LRU,4000,zipf_s1.1,50000,5000,0.92326,0.9086422425014818,15721748.710350594,17302462.922116406,659.9239847062912,5.0,3623.0913730929014,15723.299924332001,0,0.027767917024903,1800639.203695354,E1_size_sweep,9
LFU,4000,zipf_s1.1,50000,5000,0.92326,0.9086422425014818,15721748.710350594,17302462.922116406,659.9239847062912,5.0,3623.0913730929014,15723.299924332001,0,0.03323737496975809,1504330.593059585,E1_size_sweep,9
FIFO,4000,zipf_s1.1,50000,5000,0.92326,0.9086422425014818,15721748.710350594,17302462.922116406,659.9239847062912,5.0,3623.0913730929014,15723.299924332001,0,0.018316625035367906,2729760.526486407,E1_size_sweep,9
RR,4000,zipf_s1.1,50000,5000,0.92326,0.9086422425014818,15721748.710350594,17302462.922116406,659.9239847062912,5.0,3623.0913730929014,15723.299924332001,0,0.018455083947628736,2709280.550654142,E1_size_sweep,9
GDSF,4000,zipf_s1.1,50000,5000,0.92326,0.9086422425014818,15721748.710350594,17302462.922116406,659.9239847062912,5.0,3623.0913730929014,15723.299924332001,0,0.05428233300335705,921110.0045554008,E1_size_sweep,9
LRU,250,zipf_s1.1,50000,5000,0.6636,0.5557800302158422,8477865.518595973,15253994.490056645,2814.6895885850076,5.0,14179.346620813214,31101.70615297106,16600,0.04601416701916605,1086621.865374065,E1_size_sweep,10
LFU,250,zipf_s1.1,50000,5000,0.70736,0.6111937583997931,9323146.222987456,15253994.490056645,2463.6681068282624,5.0,12945.051573920577,28988.68465956599,14400,0.05043916590511799,991293.1568705138,E1_size_sweep,10
FIFO,250,zipf_s1.1,50000,5000,0.61572,0.508867209377828,7762257.60801989,15253994.490056645,3115.0573528154673,5.0,15083.564718190184,31880.235350463045,19000,0.03716845903545618,1345226.6060399062,E1_size_sweep,10
RR,250,zipf_s1.1,50000,5000,0.61638,0.5084100315279488,7755283.819616856,15253994.490056645,3117.6521681766744,5.0,15229.828382396548,32261.518445579935,18950,0.04316112492233515,1158449.8803024907,E1_size_sweep,10
GDSF,250,zipf_s1.1,50000,5000,0.68158,0.6664994105346176,10166778.335921058,15253994.490056645,2133.820361654695,5.0,10965.71096602991,24624.062026191343,15700,0.07941670797299594,629590.4385384686,E1_size_sweep,10
LRU,500,zipf_s1.1,50000,5000,0.74256,0.6596570904005674,10062405.622297054,15253994.490056645,2157.5803471043178,5.0,12231.011828497269,28100.30687665882,12400,0.04141625005286187,1207255.6046523335,E1_size_sweep,10
LFU,500,zipf_s1.1,50000,5000,0.76342,0.6787720002570802,10353984.351926228,15253994.490056645,2034.795155252594,5.0,11896.700334955865,28401.026174516177,11400,0.04673783399630338,1069797.115629163,E1_size_sweep,10
FIFO,500,zipf_s1.1,50000,5000,0.7021,0.6133878444752967,9356614.799893899,15253994.490056645,2451.832376065698,5.0,12894.173809204274,28976.2554002346,14400,0.03215237508993596,1555095.0702752452,E1_size_sweep,10
RR,500,zipf_s1.1,50000,5000,0.70038,0.6094002354890867,9295787.834389752,15253994.490056645,2476.6705622673626,5.0,12930.044950464791,28990.85765144312,14500,0.038448166102170944,1300452.1429482899,E1_size_sweep,10
GDSF,500,zipf_s1.1,50000,5000,0.75054,0.749748264195525,11436655.890968071,15253994.490056645,1605.526139635699,5.0,8640.994957939656,21734.495591127845,12000,0.07549687498249114,662279.0679958045,E1_size_sweep,10
LRU,1000,zipf_s1.1,50000,5000,0.8152,0.7538547104147317,11499295.598969566,15253994.490056645,1561.39555643511,5.0,9254.09730762982,24723.63930763975,8400,0.03667108400259167,1363472.102337262,E1_size_sweep,10
LFU,1000,zipf_s1.1,50000,5000,0.8264,0.7688001403913503,11727273.105484432,15253994.490056645,1466.9005538291635,5.0,8792.507982977426,24206.81426930554,7800,0.0676698749884963,738881.2231218081,E1_size_sweep,10
FIFO,1000,zipf_s1.1,50000,5000,0.78354,0.7160255915878018,10922250.428819878,15253994.490056645,1801.5533244950568,5.0,10650.449929862167,25544.361100254144,10000,0.028472292004153132,1756093.2570060294,E1_size_sweep,10
RR,1000,zipf_s1.1,50000,5000,0.78586,0.7186912385476147,10962912.1928573,15253994.490056645,1784.6042188800773,5.0,10615.696329110762,25687.494519897282,9800,0.03212287509813905,1556523.1893858907,E1_size_sweep,10
GDSF,1000,zipf_s1.1,50000,5000,0.82016,0.8236691047045401,12564243.984792946,15253994.490056645,1133.9530021056926,5.0,6766.517898999856,18062.565885252363,8000,0.07081275002565235,706087.5334157648,E1_size_sweep,10
LRU,2000,zipf_s1.1,50000,5000,0.88196,0.8458162242005435,12902076.023555607,15253994.490056645,980.5891866005957,5.0,6213.093714844182,19424.40765022016,4000,0.03192337497603148,1566250.4367893653,E1_size_sweep,10
LFU,2000,zipf_s1.1,50000,5000,0.87952,0.8393282615414367,12803108.676901897,15253994.490056645,1020.8959252620974,5.0,6399.804035661079,20284.685543668733,4400,0.04021833301521838,1243214.1327458872,E1_size_sweep,10
FIFO,2000,zipf_s1.1,50000,5000,0.86054,0.8162899191618316,12451681.929183364,15253994.490056645,1167.0657243495248,5.0,7323.981768092081,21917.283913419054,5200,0.0236156249884516,2117242.2929501445,E1_size_sweep,10
RR,2000,zipf_s1.1,50000,5000,0.86264,0.819112981132705,12494744.900932156,15253994.490056645,1149.2210356499963,5.0,7222.245809615405,21765.612095894503,5200,0.02568495797459036,1946664.6606727582,E1_size_sweep,10
GDSF,2000,zipf_s1.1,50000,5000,0.88204,0.87753130149877,13385857.637914475,15253994.490056645,787.0529408570216,5.0,4801.961578352636,15660.746488893761,4000,0.06400550005491823,781182.8664270855,E1_size_sweep,10
LRU,4000,zipf_s1.1,50000,5000,0.92374,0.8997196933262702,13724319.24459438,15253994.490056645,639.3667981850417,5.0,3601.1490562852114,15281.42715543853,0,0.027638250030577183,1809087.0422216752,E1_size_sweep,10
LFU,4000,zipf_s1.1,50000,5000,0.92374,0.8997196933262702,13724319.24459438,15253994.490056645,639.3667981850417,5.0,3601.1490562852114,15281.42715543853,0,0.0332727920031175,1502729.3169540819,E1_size_sweep,10
FIFO,4000,zipf_s1.1,50000,5000,0.92374,0.8997196933262702,13724319.24459438,15253994.490056645,639.3667981850417,5.0,3601.1490562852114,15281.42715543853,0,0.018209542031399906,2745813.1519058375,E1_size_sweep,10
RR,4000,zipf_s1.1,50000,5000,0.92374,0.8997196933262702,13724319.24459438,15253994.490056645,639.3667981850417,5.0,3601.1490562852114,15281.42715543853,0,0.018292292021214962,2733391.7445671214,E1_size_sweep,10
GDSF,4000,zipf_s1.1,50000,5000,0.92374,0.8997196933262702,13724319.24459438,15253994.490056645,639.3667981850417,5.0,3601.1490562852114,15281.42715543853,0,0.05445204209536314,918239.2078598967,E1_size_sweep,10
LRU,1000,zipf_s0.8,50000,5000,0.53054,0.47320000686084773,8486290.290550508,17933833.82821049,3922.5081150636943,5.0,17542.40962354221,38020.09005622144,22600,0.054850707994773984,911565.2619244924,E2_skew_sweep,1
LFU,1000,zipf_s0.8,50000,5000,0.55814,0.5088249538755217,9125182.170450475,17933833.82821049,3658.80936310374,5.0,16854.61233688862,37106.70984209623,21200,0.06271024991292506,797317.823951051,E2_skew_sweep,1
GDSF,1000,zipf_s0.8,50000,5000,0.54504,0.6372377346673403,11428115.64258937,17933833.82821049,2741.5004742482447,5.0,11826.146900355836,24654.577428738503,21800,0.09069687500596046,551286.9103451918,E2_skew_sweep,1
LRU,1000,zipf_s1.0,50000,5000,0.72864,0.657780420666917,10456964.739430072,15897348.736570572,2261.204798855921,5.0,12155.53574399391,30481.721977072924,12600,0.04209708294365555,1187730.752435318,E2_skew_sweep,1
LFU,1000,zipf_s1.0,50000,5000,0.74622,0.6837606272271728,10869981.143366598,15897348.736570572,2090.812137281331,5.0,11549.52887404712,29172.85762715502,11800,0.04958133399486542,1008444.024623822,E2_skew_sweep,1
GDSF,1000,zipf_s1.0,50000,5000,0.73906,0.7611501165672144,12100268.84395035,15897348.736570572,1600.8092570479278,5.0,8554.83412549538,20843.70575944951,12200,0.07715570798609406,648040.1943691788,E2_skew_sweep,1
LRU,1000,zipf_s1.2,50000,5000,0.8769,0.8228818090526111,11337542.219893407,13777850.105772043,1017.437654351228,5.0,6357.5329053153655,20246.536044299766,5200,0.03269758401438594,1529164.9676013226,E2_skew_sweep,1
LFU,1000,zipf_s1.2,50000,5000,0.88046,0.8264889912373734,11387241.435339274,13777850.105772043,996.5077681728935,5.0,6191.789884988288,19921.707508601714,5000,0.03864637506194413,1293782.4031324484,E2_skew_sweep,1
GDSF,1000,zipf_s1.2,50000,5000,0.878,0.8660456149635114,11932246.66772843,13777850.105772043,779.2313752172895,5.0,4898.215709259016,15041.708969531766,5200,0.06314733298495412,791799.077435516,E2_skew_sweep,1
LRU,1000,zipf_s1.4,50000,5000,0.9536,0.9245805243906168,11219179.0458662,12134344.981212607,384.75437413836823,5.0,5.0,11035.778576128701,1400,0.02750512503553182,1817843.0359945185,E2_skew_sweep,1
LFU,1000,zipf_s1.4,50000,5000,0.95272,0.9238745975936048,11210613.086579775,12134344.981212607,388.4403578529303,5.0,5.0,11117.739121905883,1400,0.03277675004210323,1525471.559436879,E2_skew_sweep,1
GDSF,1000,zipf_s1.4,50000,5000,0.95392,0.9341989206001314,11335891.98363844,12134344.981212607,337.97479902948766,5.0,5.0,9541.412553880327,1400,0.054852958070114255,911527.869401116,E2_skew_sweep,1
LRU,1000,zipf_s0.8,50000,5000,0.53158,0.5407249305972316,10621419.6234451,19642925.677041974,3751.786321439006,5.0,16711.177031026935,35705.00607452557,22600,0.054395874962210655,919187.347105557,E2_skew_sweep,2
LFU,1000,zipf_s0.8,50000,5000,0.55378,0.5647749059855347,11093831.502532227,19642925.677041974,3556.272569804125,5.0,16231.99538225888,34665.94664771113,21400,0.062404625001363456,801222.6657704868,E2_skew_sweep,2
GDSF,1000,zipf_s0.8,50000,5000,0.54168,0.6738446033445573,13236279.46137297,19642925.677041974,2702.86288626766,5.0,11772.14397702629,24174.987238618964,22000,0.09110866591800004,548795.2160884584,E2_skew_sweep,2
LRU,1000,zipf_s1.0,50000,5000,0.72876,0.7482708611531523,15357992.360102257,20524643.090383362,2151.6760921123137,5.0,12085.818068147692,28011.950551087702,12600,0.041783457971177995,1196645.8121893534,E2_skew_sweep,2
LFU,1000,zipf_s1.0,50000,5000,0.74596,0.7650717424804684,15702824.452949304,20524643.090383362,2008.669254973532,5.0,11355.853575663165,27305.989318759173,11800,0.05083370895590633,983599.2892702458,E2_skew_sweep,2
GDSF,1000,zipf_s1.0,50000,5000,0.7327,0.8136171583047638,16699201.786417216,20524643.090383362,1614.0300215862405,5.0,8740.223540872083,20547.100892134076,12400,0.07808508398011327,640327.1591887384,E2_skew_sweep,2
LRU,1000,zipf_s1.2,50000,5000,0.8752,0.8883317413475185,19411403.18872488,21851524.92612675,1017.864694960505,5.0,6501.8188534992905,19954.31706841243,5400,0.032774958992376924,1525554.9217202505,E2_skew_sweep,2
LFU,1000,zipf_s1.2,50000,5000,0.87894,0.8898971525805336,19445609.811302748,21851524.92612675,1003.0787459293629,5.0,6370.800322386332,19989.494132831183,5200,0.038954791030846536,1283539.1662198177,E2_skew_sweep,2
GDSF,1000,zipf_s1.2,50000,5000,0.87662,0.9143982837614331,19980996.890020475,21851524.92612675,789.6083144423476,5.0,4919.085191502338,15036.361810737726,5200,0.06412170804105699,779767.126103146,E2_skew_sweep,2
LRU,1000,zipf_s1.4,50000,5000,0.9523,0.9610584568989438,22263977.30494276,23166101.026551645,379.9209886435398,5.0,5.0,10623.047464968506,1400,0.027706500026397407,1804630.6806114966,E2_skew_sweep,2
LFU,1000,zipf_s1.4,50000,5000,0.9514,0.9593818521365848,22225136.909636356,23166101.026551645,395.72264676608717,5.0,5.0,10948.250774486984,1600,0.033332916093058884,1500018.776047374,E2_skew_sweep,2
GDSF,1000,zipf_s1.4,50000,5000,0.95276,0.9661046766894554,22380878.54241194,23166101.026551645,333.02479365587544,5.0,5.0,9281.820087871167,1400,0.05609487497713417,891347.0262725676,E2_skew_sweep,2
LRU,1000,zipf_s0.8,50000,5000,0.53176,0.6157093159831716,15179758.889600582,24654099.744067334,3932.8671417872,5.0,17681.784013741664,38594.70400869615,22600,0.05530887492932379,904014.0495335022,E2_skew_sweep,3
LFU,1000,zipf_s0.8,50000,5000,0.56724,0.6421089781475389,15830618.793810574,24654099.744067334,3662.056580103245,5.0,17075.580324613948,37456.88031724639,20800,0.06217312498483807,804205.9975623441,E2_skew_sweep,3
GDSF,1000,zipf_s0.8,50000,5000,0.54074,0.7327500923251234,18065293.86365814,24654099.744067334,2776.004052164017,5.0,11989.493538294082,24948.501571366556,22000,0.0905263329623267,552325.4766191393,E2_skew_sweep,3
LRU,1000,zipf_s1.0,50000,5000,0.73082,0.8115142652457885,23452433.73433956,28899595.162675757,2263.272671335019,5.0,12483.20148851127,29514.83431230132,12600,0.042122584069147706,1187011.6970488057,E2_skew_sweep,3
LFU,1000,zipf_s1.0,50000,5000,0.7489,0.824021508726092,23813888.00752135,28899595.162675757,2113.357362062242,5.0,11839.106335561684,29234.973033826685,11600,0.049442916992120445,1011267.1954198887,E2_skew_sweep,3
GDSF,1000,zipf_s1.0,50000,5000,0.73536,0.8652208301376587,25004531.717292584,28899595.162675757,1641.0941781536371,5.0,9020.549013014177,21467.391735696718,12400,0.07782374997623265,642477.3930229524,E2_skew_sweep,3
LRU,1000,zipf_s1.2,50000,5000,0.87662,0.9245185447099662,31427755.24779121,33993645.04651501,1067.7530194894468,5.0,6647.614382067724,20719.384166170235,5200,0.03264191700145602,1531772.7815363817,E2_skew_sweep,3
LFU,1000,zipf_s1.2,50000,5000,0.88198,0.9276736586177634,31535009.07005419,33993645.04651501,1023.2702905842244,5.0,6400.276641715918,20147.821830866837,5000,0.03894129197578877,1283984.1069240032,E2_skew_sweep,3
GDSF,1000,zipf_s1.2,50000,5000,0.8789,0.9439098801205046,32086937.420714967,33993645.04651501,803.4075503198893,5.0,4917.585879217136,15624.710223433973,5200,0.0637845000019297,783889.5029119508,E2_skew_sweep,3
LRU,1000,zipf_s1.4,50000,5000,0.95344,0.9757746158641478,37118760.42037212,38040301.33280284,387.3515649717003,5.0,5.0,10871.485664784726,1400,0.0273905829526484,1825444.901499093,E2_skew_sweep,3
LFU,1000,zipf_s1.4,50000,5000,0.95144,0.9750695886627196,37091940.97318197,38040301.33280284,398.6693438477628,5.0,5.0,11078.035371780765,1600,0.03362454194575548,1487009.104262657,E2_skew_sweep,3
GDSF,1000,zipf_s1.4,50000,5000,0.95272,0.978617981052395,37226922.88893224,38040301.33280284,344.2989775476837,5.0,5.0,9522.05303434686,1400,0.05499229195993394,909218.3325697499,E2_skew_sweep,3
LRU,1000,zipf_s0.8,50000,5000,0.52752,0.5670468434450352,12149689.190865086,21426253.106446885,3855.0071662334735,5.0,16786.89855711823,36863.36556236559,22800,0.054647125070914626,914961.2158940816,E2_skew_sweep,4
LFU,1000,zipf_s0.8,50000,5000,0.56124,0.5952683690234625,12754370.740958532,21426253.106446885,3603.187146196079,5.0,16030.740355156247,36984.22606332004,21000,0.06166895804926753,810780.6841823861,E2_skew_sweep,4
GDSF,1000,zipf_s0.8,50000,5000,0.5402,0.7010918457901949,15021771.338766742,21426253.106446885,2702.4337070728193,5.0,11870.386580583812,23776.88375443,22000,0.09050149994436651,552477.031107067,E2_skew_sweep,4
LRU,1000,zipf_s1.0,50000,5000,0.72796,0.7597196240601426,16818599.60373577,22137903.34104143,2212.973294923744,5.0,12130.014032124898,28082.20207126511,12800,0.04223050002474338,1183978.403540199,E2_skew_sweep,4
LFU,1000,zipf_s1.0,50000,5000,0.74156,0.7763928843031691,17187710.62737592,22137903.34104143,2061.316885467575,5.0,11561.87664594222,26221.169789812004,12000,0.050202874932438135,995958.8981166685,E2_skew_sweep,4
GDSF,1000,zipf_s1.0,50000,5000,0.73436,0.8269020074995981,18305876.71453922,22137903.34104143,1616.1744506018538,5.0,8849.410373751345,20688.800852497738,12400,0.07767408294603229,643715.3565718934,E2_skew_sweep,4
LRU,1000,zipf_s1.2,50000,5000,0.87872,0.893133076324487,20109909.011134464,22516139.581228845,1003.2698280386945,5.0,6392.916048217559,20186.96136354942,5200,0.03270450001582503,1528841.5959823886,E2_skew_sweep,4
LFU,1000,zipf_s1.2,50000,5000,0.8822,0.8966517303450242,20189135.516198933,22516139.581228845,970.5526260129025,5.0,6058.316798522455,19791.378460886943,5000,0.03954629099462181,1264341.0732703065,E2_skew_sweep,4
GDSF,1000,zipf_s1.2,50000,5000,0.8772,0.9180189563883651,20670242.960254464,22516139.581228845,779.5846483904764,5.0,4852.095335790556,15004.116565404209,5200,0.06426608399488032,778015.3526078109,E2_skew_sweep,4
LRU,1000,zipf_s1.4,50000,5000,0.9524,0.9562022125630737,20495614.640719254,21434393.65799136,394.55360690930024,5.0,5.0,10847.875905560977,1400,0.027667208923958242,1807193.4952825264,E2_skew_sweep,4
LFU,1000,zipf_s1.4,50000,5000,0.9516,0.9558579906662849,20488236.453077782,21434393.65799136,397.740881965899,5.0,5.0,10906.223194525399,1600,0.03380458301398903,1479089.3879480476,E2_skew_sweep,4
GDSF,1000,zipf_s1.4,50000,5000,0.95224,0.9616803381524097,20613034.941108998,21434393.65799136,347.63268675336883,5.0,5.0,9618.37026476587,1400,0.05545824998989701,901579.1159856044,E2_skew_sweep,4
LRU,1000,zipf_s0.8,50000,5000,0.5317,0.5525600533600247,11904029.607134318,21543413.30819685,3998.9019804253476,5.0,18046.077413794632,41229.033213577066,22600,0.05499304109252989,909205.9469101058,E2_skew_sweep,5
LFU,1000,zipf_s0.8,50000,5000,0.56684,0.5846186296679035,12594680.766607318,21543413.30819685,3712.2752166361297,5.0,17062.822236307977,39792.01507440889,20800,0.061557124950923026,812253.6593426504,E2_skew_sweep,5
GDSF,1000,zipf_s0.8,50000,5000,0.54734,0.6953460207392015,14980126.716994636,21543413.30819685,2763.849336481249,5.0,11620.266009443503,25391.707426125016,21800,0.09101949993055314,549332.8356906975,E2_skew_sweep,5
LRU,1000,zipf_s1.0,50000,5000,0.73116,0.7403716878148491,15810043.900806768,21354198.385771494,2301.9695939862604,5.0,12031.022935634692,32781.4708408496,12600,0.0420178750064224,1189969.744837347,E2_skew_sweep,5
LFU,1000,zipf_s1.0,50000,5000,0.75338,0.7673348300973163,16385820.190210355,21354198.385771494,2065.104178224822,5.0,11224.499288304567,30656.075220599665,11400,0.04912012489512563,1017912.7212472069,E2_skew_sweep,5
GDSF,1000,zipf_s1.0,50000,5000,0.74034,0.8182138441235884,17472300.749399822,21354198.385771494,1634.3587545489481,5.0,8765.668380672245,21129.006055733724,12000,0.07668866694439203,651986.818811907,E2_skew_sweep,5
LRU,1000,zipf_s1.2,50000,5000,0.87876,0.8750909723496418,17671840.49458089,20194289.568696547,1049.7454296464387,5.0,6305.570182573764,21125.095417679364,5200,0.03279500000644475,1524622.6555930534,E2_skew_sweep,5
LFU,1000,zipf_s1.2,50000,5000,0.88052,0.8776527937796579,17723574.658361927,20194289.568696547,1028.5325641340241,5.0,6320.252391541459,20278.925904087806,5000,0.03974929091054946,1257884.074272379,E2_skew_sweep,5
GDSF,1000,zipf_s1.2,50000,5000,0.87942,0.9045606523501305,18266959.746007584,20194289.568696547,811.5030290757563,5.0,4961.37881760914,15714.99194839333,5200,0.0637244590325281,784628.0809457721,E2_skew_sweep,5
LRU,1000,zipf_s1.4,50000,5000,0.95236,0.9450734042097035,16979570.803630423,17966404.226377748,413.787169098868,5.0,5.0,11371.117445335429,1400,0.02772487502079457,1803434.6399216715,E2_skew_sweep,5
LFU,1000,zipf_s1.4,50000,5000,0.95144,0.9434624102367257,16950627.034705646,17966404.226377748,425.63607666878573,5.0,5.0,11323.161589377283,1600,0.03281229198910296,1523819.183877954,E2_skew_sweep,5
GDSF,1000,zipf_s1.4,50000,5000,0.9529,0.9531337513157,17124386.25794167,17966404.226377748,355.70168737438007,5.0,5.0,9595.478290810926,1400,0.05447004199959338,917935.7710128671,E2_skew_sweep,5
LRU,1000,zipf_s0.8,50000,5000,0.53214,0.5860019520450109,13299711.610892506,22695677.999842145,3901.405255580114,5.0,16858.062170177414,37094.124724111905,22400,0.05492758401669562,910289.4455507483,E2_skew_sweep,6
LFU,1000,zipf_s0.8,50000,5000,0.5577,0.6012149478570232,13644980.865254885,22695677.999842145,3755.757353835148,5.0,16748.04340258645,37926.755566897074,21200,0.06268400000408292,797651.7133039254,E2_skew_sweep,6
GDSF,1000,zipf_s0.8,50000,5000,0.54474,0.7124873716323461,16170383.965521593,22695677.999842145,2749.4193137284888,5.0,12283.436638982399,23803.422803851237,21800,0.09079804201610386,550672.6674913545,E2_skew_sweep,6
LRU,1000,zipf_s1.0,50000,5000,0.73268,0.7850536904742046,19973377.254083205,25442052.558237728,2271.3295216619526,5.0,12574.307088663736,29596.45495484105,12400,0.04173412499949336,1198060.3403235837,E2_skew_sweep,6
LFU,1000,zipf_s1.0,50000,5000,0.74668,0.7935558114628182,20189688.66313201,25442052.558237728,2180.674958042421,5.0,12131.316464971009,29675.332242807755,11800,0.04982333304360509,1003545.8678816267,E2_skew_sweep,6
GDSF,1000,zipf_s1.0,50000,5000,0.73864,0.8468747690063658,21546232.383305393,25442052.558237728,1640.429269973039,5.0,9022.813687288899,20777.874808871282,12200,0.07681283308193088,650932.8974582737,E2_skew_sweep,6
LRU,1000,zipf_s1.2,50000,5000,0.8789,0.9107395860194822,25183168.337127205,27651338.23510829,1027.9924591925246,5.0,6404.750619728534,19785.473534376306,5200,0.032240457949228585,1550846.4575391165,E2_skew_sweep,6
LFU,1000,zipf_s1.2,50000,5000,0.88214,0.9139549242278134,25272076.741466038,27651338.23510829,991.4732974569715,5.0,6177.898379897694,19337.686900882683,5000,0.03846562502440065,1299861.8888496554,E2_skew_sweep,6
GDSF,1000,zipf_s1.2,50000,5000,0.88116,0.9329407231546323,25797059.48925526,27651338.23510829,781.7692983412942,5.0,4776.327420161295,14978.791526211935,5000,0.06328887492418289,790028.2642075351,E2_skew_sweep,6
LRU,1000,zipf_s1.4,50000,5000,0.95168,0.9649612785616826,27742637.364893727,28750000.628258735,422.19970534603624,5.0,5.0,12021.285619005454,1600,0.02772866701707244,1803188.0136616442,E2_skew_sweep,6
LFU,1000,zipf_s1.4,50000,5000,0.94976,0.9631633240567999,27690946.17174877,28750000.628258735,443.4425826040179,5.0,734.2456782501843,12569.475292363244,1600,0.0334930419921875,1492847.3804100228,E2_skew_sweep,6
GDSF,1000,zipf_s1.4,50000,5000,0.95184,0.9694426347106563,27871476.35699217,28750000.628258735,370.61690850664036,5.0,5.0,10454.669727381299,1600,0.055614958982914686,899038.6923662096,E2_skew_sweep,6
LRU,1000,zipf_s0.8,50000,5000,0.52924,0.49062220713382443,9094348.212655658,18536356.651656903,3920.677575600476,5.0,17376.53150293846,37263.96486437762,22600,0.05431641696486622,920532.0010769813,E2_skew_sweep,7
LFU,1000,zipf_s0.8,50000,5000,0.55316,0.5101211941520158,9455788.390370881,18536356.651656903,3769.0451045143677,5.0,17280.264687851988,37171.30408065356,21400,0.06258570798672736,798904.4401415667,E2_skew_sweep,7
GDSF,1000,zipf_s0.8,50000,5000,0.54414,0.6432184085706274,11922925.826176317,18536356.651656903,2784.85103019221,5.0,12162.369293073665,25067.259151058373,21800,0.09164954209700227,545556.4627598443,E2_skew_sweep,7
LRU,1000,zipf_s1.0,50000,5000,0.72704,0.6804502458953898,11604210.940539775,17053724.369325556,2265.328571514387,5.0,12484.974021659926,29462.091232653904,12800,0.04285654192790389,1166683.0255253285,E2_skew_sweep,7
LFU,1000,zipf_s1.0,50000,5000,0.74732,0.7000888679949232,11939122.588818563,17053724.369325556,2125.381312202886,5.0,12027.43492012255,28683.103895961158,11800,0.05060829198919237,987980.3888793112,E2_skew_sweep,7
GDSF,1000,zipf_s1.0,50000,5000,0.73572,0.7734505311853919,13190212.172144113,17053724.369325556,1628.3674788726255,5.0,8933.988572212067,21032.27246370821,12400,0.07789158297237009,641917.8824204424,E2_skew_sweep,7
LRU,1000,zipf_s1.2,50000,5000,0.87588,0.8415483686104877,13241600.112433603,15734805.753705291,1038.8976565087385,5.0,6773.334879947486,19629.263892508083,5400,0.03257899999152869,1534730.962061487,E2_skew_sweep,7
LFU,1000,zipf_s1.2,50000,5000,0.88088,0.8509274192771838,13389177.652828228,15734805.753705291,978.3916403508972,5.0,6322.63820801263,19304.358413317153,5000,0.03916354198008776,1276697.5986345136,E2_skew_sweep,7
GDSF,1000,zipf_s1.2,50000,5000,0.87826,0.8811050292918264,13864016.4845197,15734805.753705291,789.2290076742963,5.0,4923.680249339058,15211.56382981423,5200,0.06437083403579891,776749.2956855774,E2_skew_sweep,7
LRU,1000,zipf_s1.4,50000,5000,0.95278,0.9368054015713934,13654427.86819532,14575522.136498617,387.36760732136077,5.0,5.0,10765.501056153511,1400,0.02780183299910277,1798442.5703734576,E2_skew_sweep,7
LFU,1000,zipf_s1.4,50000,5000,0.95142,0.9339024325257874,13612115.57860952,14575522.136498617,404.6937231556771,5.0,5.0,11197.275811982767,1600,0.03292024997062981,1518822.003010551,E2_skew_sweep,7
GDSF,1000,zipf_s1.4,50000,5000,0.952,0.94467690760531,13769159.178640254,14575522.136498617,341.7051831433909,5.0,5.0,9214.49601755374,1400,0.05531091697048396,903980.6739541478,E2_skew_sweep,7
LRU,1000,zipf_s0.8,50000,5000,0.52544,0.480760608097482,8991671.094623398,18703011.318265475,4029.531289456362,5.0,18179.918416707427,39410.640232490805,22800,0.054819374927319586,912086.2845716649,E2_skew_sweep,8
LFU,1000,zipf_s0.8,50000,5000,0.5618,0.5289330290816184,9892640.42951795,18703011.318265475,3658.417355498661,5.0,17070.222343141995,37837.41652223512,21000,0.061788707971572876,809209.3465201359,E2_skew_sweep,8
GDSF,1000,zipf_s0.8,50000,5000,0.54374,0.648700259132574,12132648.28871828,18703011.318265475,2767.7419118186635,5.0,11996.860940854249,25818.452633164095,22000,0.09121729200705886,548141.6834445244,E2_skew_sweep,8
LRU,1000,zipf_s1.0,50000,5000,0.72722,0.65945667253617,10828697.558149232,16420635.364115294,2322.2452223857294,5.0,12642.71089593089,32091.44125331611,12800,0.04225862503517419,1183190.4128064327,E2_skew_sweep,8
LFU,1000,zipf_s1.0,50000,5000,0.74762,0.6828950383241875,11213570.416285023,16420635.364115294,2162.278079131463,5.0,11773.21334372869,31332.51628077373,11800,0.049331833026371896,1013544.3370464445,E2_skew_sweep,8
GDSF,1000,zipf_s1.0,50000,5000,0.73396,0.7599528389937268,12478908.463040207,16420635.364115294,1660.1725604295787,5.0,8780.681554726607,21420.35389913175,12400,0.07729945809114724,646835.0650148513,E2_skew_sweep,8
LRU,1000,zipf_s1.2,50000,5000,0.87792,0.81798810206024,10774794.65994291,13172312.204547701,1000.0206178412539,5.0,6246.907965022579,19900.92176242866,5200,0.032551208045333624,1536041.3023801045,E2_skew_sweep,8
LFU,1000,zipf_s1.2,50000,5000,0.8821,0.8227030817046916,10836901.843857715,13172312.204547701,973.944644275345,5.0,6007.084105108893,20203.928012870776,5000,0.03907825006172061,1279484.1099852081,E2_skew_sweep,8
GDSF,1000,zipf_s1.2,50000,5000,0.8809,0.8600652471806292,11329047.952144736,13172312.204547701,777.4402009606754,5.0,4832.153057002282,15178.030576082345,5000,0.06354633311275393,786827.4619604268,E2_skew_sweep,8
LRU,1000,zipf_s1.4,50000,5000,0.952,0.9041376191441479,9139523.984663893,10108554.04215491,406.7720229957645,5.0,5.0,11324.061453971413,1400,0.027157708071172237,1841097.9258251449,E2_skew_sweep,8
LFU,1000,zipf_s1.4,50000,5000,0.95102,0.9018596048542127,9116496.554105282,10108554.04215491,416.2720952191921,5.0,5.0,11472.938387139207,1600,0.033076749998144805,1511635.816783825,E2_skew_sweep,8
GDSF,1000,zipf_s1.4,50000,5000,0.95234,0.9159716493670864,9259148.918708961,10108554.04215491,358.8217493778115,5.0,5.0,9805.081871612201,1400,0.055137749994173646,906819.7379342365,E2_skew_sweep,8
LRU,1000,zipf_s0.8,50000,5000,0.53222,0.5025696711408235,9552112.829317829,19006544.52075215,3924.7677765734893,5.0,17134.10804970412,37881.03056826568,22400,0.05468304199166596,914360.250982751,E2_skew_sweep,9
LFU,1000,zipf_s0.8,50000,5000,0.56088,0.5340708925429613,10150842.196355632,19006544.52075215,3676.821329758392,5.0,16577.438786954892,38243.0062298883,21000,0.062246958957985044,803252.0919415293,E2_skew_sweep,9
GDSF,1000,zipf_s0.8,50000,5000,0.54402,0.6523044960522437,12398054.445303766,19006544.52075215,2782.9101301792407,5.0,12527.77547620051,24525.63815074884,21800,0.09121874999254942,548132.9222784122,E2_skew_sweep,9
LRU,1000,zipf_s1.0,50000,5000,0.73262,0.6950759856506773,12430433.749268204,17883560.942810845,2265.127977416854,5.0,12634.904188115164,30414.92011272807,12400,0.04205987509340048,1188781.4666345832,E2_skew_sweep,9
LFU,1000,zipf_s1.0,50000,5000,0.75062,0.7131604282732228,12753847.981025262,17883560.942810845,2130.4522847140274,5.0,12190.421819978294,30349.714257669817,11600,0.04888408293481916,1022827.8203903052,E2_skew_sweep,9
GDSF,1000,zipf_s1.0,50000,5000,0.73746,0.7831631684184611,14005746.250576383,17883560.942810845,1633.5751768937116,5.0,8812.970304996445,20311.14615789183,12200,0.07686791697051376,650466.4360708487,E2_skew_sweep,9
LRU,1000,zipf_s1.2,50000,5000,0.87822,0.8508261157411112,14162223.00081178,16645261.280532967,1034.1404118880866,5.0,6475.742266113207,19642.72299487871,5200,0.032786875031888485,1525000.475079435,E2_skew_sweep,9
LFU,1000,zipf_s1.2,50000,5000,0.8841,0.8583714965003957,14287817.835011175,16645261.280532967,982.1678782083519,5.0,6190.433948847642,18869.852860494957,4800,0.03889079100918025,1285651.4023640559,E2_skew_sweep,9
GDSF,1000,zipf_s1.2,50000,5000,0.8818,0.8871942370657212,14767579.882542035,16645261.280532967,790.9415591960493,5.0,4970.94181559441,15548.478212075312,5000,0.06607745902147144,756687.6926025988,E2_skew_sweep,9
LRU,1000,zipf_s1.4,50000,5000,0.95196,0.9358543398118523,14506847.01377437,15501180.46863028,416.90518194209517,5.0,5.0,11786.36991670195,1600,0.027725457912310958,1803396.725065394,E2_skew_sweep,9
LFU,1000,zipf_s1.4,50000,5000,0.95066,0.9335635249603476,14471336.679340977,15501180.46863028,431.49281571544395,5.0,5.0,12364.440749144502,1600,0.03445441706571728,1451192.742707896,E2_skew_sweep,9
GDSF,1000,zipf_s1.4,50000,5000,0.95258,0.9449887315911916,14648440.869217081,15501180.46863028,360.08473976502694,5.0,5.0,10096.463980929333,1400,0.05760437506251037,867989.6265820373,E2_skew_sweep,9
LRU,1000,zipf_s0.8,50000,5000,0.5335,0.4863042184463967,8931031.233623656,18365111.58006351,3916.24963857624,5.0,17428.305206771893,37205.9773395286,22400,0.05532066710293293,903821.3495684537,E2_skew_sweep,10
LFU,1000,zipf_s0.8,50000,5000,0.56152,0.5161638529033499,9479406.75216551,18365111.58006351,3688.6335311594667,5.0,17008.390760276874,35948.4906954861,21000,0.06303504097741097,793209.6057162528,E2_skew_sweep,10
GDSF,1000,zipf_s0.8,50000,5000,0.54692,0.6451849539807625,11848893.669634843,18365111.58006351,2745.1457641716647,5.0,12015.719769206056,25100.738610527533,21800,0.09156154200900346,546080.7988039715,E2_skew_sweep,10
LRU,1000,zipf_s1.0,50000,5000,0.7333,0.6681535042213259,11041336.739905111,16525149.789901674,2277.2017199988877,5.0,12647.405225618393,29417.44881099947,12400,0.04230912495404482,1181778.1637958437,E2_skew_sweep,10
LFU,1000,zipf_s1.0,50000,5000,0.74526,0.6816607925843272,11264546.703359103,16525149.789901674,2184.3895346172867,5.0,12374.840863271751,28988.68465956599,11800,0.04977462498936802,1004527.9097668766,E2_skew_sweep,10
GDSF,1000,zipf_s1.0,50000,5000,0.74156,0.7684414688645518,12698610.377758782,16525149.789901674,1611.8555648573313,5.0,8806.880062842438,20749.39529153664,12000,0.07866875000763685,635576.3882754741,E2_skew_sweep,10
LRU,1000,zipf_s1.2,50000,5000,0.8814,0.8319555681292811,11796888.185733972,14179709.395130588,993.1154837588593,5.0,6458.652205305432,19065.7638498755,5000,0.032510749995708466,1537952.8311896888,E2_skew_sweep,10
LFU,1000,zipf_s1.2,50000,5000,0.88342,0.8353256360403843,11844674.769355271,14179709.395130588,973.4049503103471,5.0,6356.653239832958,19065.22343195682,5000,0.03894262504763901,1283940.1539786893,E2_skew_sweep,10
GDSF,1000,zipf_s1.2,50000,5000,0.88138,0.8701050200686014,12337836.327817036,14179709.395130588,776.7421269255832,5.0,4994.612974029809,15191.889976398192,5000,0.09261200006585568,539886.8393344856,E2_skew_sweep,10
LRU,1000,zipf_s1.4,50000,5000,0.95346,0.9205981725949319,11238966.501723014,12208330.231683198,406.47479198422434,5.0,5.0,11447.942071359756,1400,0.02799425006378442,1786081.066150222,E2_skew_sweep,10
LFU,1000,zipf_s1.4,50000,5000,0.95156,0.9159398124155229,11182095.702314666,12208330.231683198,429.7836117475681,5.0,5.0,11996.246819227375,1600,0.0337115409784019,1483171.594915631,E2_skew_sweep,10
GDSF,1000,zipf_s1.4,50000,5000,0.9537,0.9310072572642503,11366044.044775603,12208330.231683198,355.57297476316893,5.0,5.0,9688.509064739923,1400,0.058554082992486656,853911.4173543752,E2_skew_sweep,10
LRU,500,zipf_s1.1,50000,5000,0.73982,0.6555924867238621,9820881.216468534,14980161.327878555,2145.465144563527,5.0,11826.25401830296,29744.587580194053,12600,0.041784790926612914,1196607.6385978705,E3_ablation,1
LFU,500,zipf_s1.1,50000,5000,0.77026,0.6947455752409671,10407400.798939478,14980161.327878555,1901.877511575234,5.0,11041.53119458086,29353.36227362568,11000,0.04674654209520668,1069597.830320094,E3_ablation,1
COST_ONLY,500,zipf_s1.1,50000,5000,0.70678,0.7172291272647194,10744208.035479037,14980161.327878555,1785.8812169594705,5.0,9436.521691355396,21043.944453502158,14200,0.07850162498652935,636929.4904223939,E3_ablation,1
GDSF_NO_AGE,500,zipf_s1.1,50000,5000,0.7433,0.7595525372753932,11378219.54538488,14980161.327878555,1521.5032129971623,5.0,8384.431979857442,18444.427379170815,12400,0.07088737504091114,705344.216387524,E3_ablation,1
GDSF,500,zipf_s1.1,50000,5000,0.75218,0.7523763876174078,11270719.665795257,14980161.327878555,1561.8835648330205,5.0,8749.331981377485,20501.822799386195,11900,0.07633508299477398,655006.8204343615,E3_ablation,1
LRU,1000,zipf_s1.1,50000,5000,0.81454,0.7561035423540267,11326553.045043776,14980161.327878555,1521.1540131336296,5.0,9197.588698909674,24654.577428738503,8400,0.03682045894674957,1357940.7055276234,E3_ablation,1
LFU,1000,zipf_s1.1,50000,5000,0.82398,0.7666132656989162,11483990.396261591,14980161.327878555,1455.3942726464945,5.0,8534.731253409103,24676.66434253992,8000,0.04345995804760605,1150484.3135198148,E3_ablation,1
COST_ONLY,1000,zipf_s1.1,50000,5000,0.78936,0.807057091335766,12089845.429018192,14980161.327878555,1223.2651595439304,5.0,6961.823296160763,17914.869397409802,9600,0.07663387502543628,652452.9783128417,E3_ablation,1
GDSF_NO_AGE,1000,zipf_s1.1,50000,5000,0.8112,0.8304416170814157,12440149.397263955,14980161.327878555,1076.7007722456376,5.0,6348.617186304716,15457.882047041174,8600,0.0663326249923557,753776.8934330896,E3_ablation,1
GDSF,1000,zipf_s1.1,50000,5000,0.81974,0.8248491278639436,12356373.0065618,14980161.327878555,1107.692028526498,5.0,6554.060117409899,17750.36988973801,8200,0.07052674994338304,708950.85964033,E3_ablation,1
LRU,500,zipf_s1.1_drift,50000,5000,0.73698,0.710394608489907,12640697.387382634,17793909.520587567,2143.875753281904,5.0,11838.16516795793,27444.375312794626,12700,0.042019041953608394,1189936.6971575192,E3_ablation,1
LFU,500,zipf_s1.1_drift,50000,5000,0.7079,0.6830129915375066,12153471.372804234,17793909.520587567,2347.3447591132776,5.0,12498.92215097156,28893.554894997633,14200,0.051405749982222915,972653.837698914,E3_ablation,1
COST_ONLY,500,zipf_s1.1_drift,50000,5000,0.69878,0.7570900205118424,13471591.323927509,17793909.520587567,1822.787178663988,5.0,9709.547847829183,22039.70645044041,14600,0.08082083403132856,618652.3635801446,E3_ablation,1
GDSF_NO_AGE,500,zipf_s1.1_drift,50000,5000,0.66228,0.726154325669719,12921124.368950259,17793909.520587567,2053.7414606549273,5.0,10130.051224940595,21380.859021635937,16400,0.07816187501884997,639698.0623602199,E3_ablation,1
GDSF,500,zipf_s1.1_drift,50000,5000,0.72734,0.7694085195891329,13690785.581938257,17793909.520587567,1726.6842754597626,5.0,9531.576958905187,22293.668108408474,13200,0.07900250004604459,632891.3638284709,E3_ablation,1
LRU,1000,zipf_s1.1_drift,50000,5000,0.81072,0.7905255345928887,14066539.836259978,17793909.520587567,1551.7854737311516,5.0,9568.759843616515,23802.266432709665,8600,0.03740304196253419,1336789.6667357674,E3_ablation,1
LFU,1000,zipf_s1.1_drift,50000,5000,0.78894,0.7655913780023157,13622863.709915161,17793909.520587567,1735.6810242690497,5.0,10263.044651226326,25059.18495373911,9600,0.04620049998629838,1082239.3700247493,E3_ablation,1
COST_ONLY,1000,zipf_s1.1_drift,50000,5000,0.77958,0.828721313484199,14746192.069920322,17793909.520587567,1289.1108802670472,5.0,7509.6601409190125,18306.81149817989,10200,0.07793570798821747,641554.4464875989,E3_ablation,1
GDSF_NO_AGE,1000,zipf_s1.1_drift,50000,5000,0.757,0.8125181727220452,14457874.849249214,17793909.520587567,1411.0988685355046,5.0,7869.2475202704545,17229.79645109225,11200,0.0721388750243932,693107.5648614272,E3_ablation,1
GDSF,1000,zipf_s1.1_drift,50000,5000,0.79806,0.8324419119010398,14812396.061512029,17793909.520587567,1257.1776836303934,5.0,7489.039188061464,18519.010039802248,9200,0.07447429094463587,671372.6222270443,E3_ablation,1
LRU,500,zipf_s1.1,50000,5000,0.73804,0.7646828703573147,16236816.944950651,21233399.588725775,2080.911257509676,5.0,11577.116521810703,28319.70473663106,12600,0.042332665994763374,1181120.9812815732,E3_ablation,2
LFU,500,zipf_s1.1,50000,5000,0.76574,0.7857550726169271,16684251.435743453,21233399.588725775,1893.7659611925187,5.0,10712.537210142798,28290.504027293926,11300,0.04632650001440197,1079295.8670405925,E3_ablation,2
COST_ONLY,500,zipf_s1.1,50000,5000,0.69288,0.7995500491792158,16977165.685407635,21233399.588725775,1798.093961326918,5.0,9308.744531997765,22028.172907971268,14900,0.08026275003794581,622953.9852093469,E3_ablation,2
GDSF_NO_AGE,500,zipf_s1.1,50000,5000,0.73072,0.828673536379013,17595556.326538067,21233399.588725775,1539.5749048747725,5.0,8367.890774059075,18640.023866812702,13000,0.07187362492550164,695665.4830172533,E3_ablation,2
GDSF,500,zipf_s1.1,50000,5000,0.74746,0.8241176947651501,17498820.32108797,21233399.588725775,1573.3310070547739,5.0,8610.144102263941,21327.398381450126,12200,0.07629820809233934,655323.3850457913,E3_ablation,2
LRU,1000,zipf_s1.1,50000,5000,0.81282,0.8303960554358896,17632131.261971924,21233399.588725775,1500.725430701164,5.0,9018.362641348505,24125.75086776209,8400,0.03695958305615932,1352829.114008836,E3_ablation,2
LFU,1000,zipf_s1.1,50000,5000,0.81764,0.8294702141893529,17612472.504828487,21233399.588725775,1507.1670335585866,5.0,9265.790562239596,24622.473170677316,8200,0.0442924170056358,1128861.40292678,E3_ablation,2
COST_ONLY,1000,zipf_s1.1,50000,5000,0.78014,0.8611106649021848,18284306.83798143,21233399.588725775,1249.495800297468,5.0,7276.248009546009,17741.889889920833,10000,0.07775604189373553,643036.8468129071,E3_ablation,2
GDSF_NO_AGE,1000,zipf_s1.1,50000,5000,0.80116,0.8768408584468094,18618312.323122438,21233399.588725775,1109.692706241101,5.0,6571.181022229531,15723.949133634304,9000,0.06738158303778619,742042.524764683,E3_ablation,2
GDSF,1000,zipf_s1.1,50000,5000,0.81368,0.8724876075241964,18525878.006772608,21233399.588725775,1142.9730327809887,5.0,6871.2510974785155,17727.530853184908,8400,0.07061862491536885,708028.51315671,E3_ablation,2
LRU,500,zipf_s1.1_drift,50000,5000,0.73604,0.7047380870401823,12608135.671561476,17890526.854471814,2195.8246731641443,5.0,12016.909809753195,30095.365821368876,12700,0.04221012501511723,1184549.9150285125,E3_ablation,2
LFU,500,zipf_s1.1_drift,50000,5000,0.70376,0.6665479142764928,11924893.360155772,17890526.854471814,2478.6441977264476,5.0,12879.941659509277,31546.287987963155,14400,0.05147533293347806,971339.0307667434,E3_ablation,2
COST_ONLY,500,zipf_s1.1_drift,50000,5000,0.70134,0.7610902524849672,13616305.600759039,17890526.854471814,1802.7932014851024,5.0,9503.977744547985,20930.07470130863,14500,0.07957337505649775,628350.8769673222,E3_ablation,2
GDSF_NO_AGE,500,zipf_s1.1_drift,50000,5000,0.6671,0.7359746658452518,13166974.523515398,17890526.854471814,1992.626432382561,5.0,9860.331215254479,19524.892573119316,16200,0.07978004100732505,626723.1674575,E3_ablation,2
GDSF,500,zipf_s1.1_drift,50000,5000,0.73112,0.7733400409497089,13835460.770249099,17890526.854471814,1706.3460336890037,5.0,9328.569197846205,20795.646641872157,13000,0.08105470903683454,616867.3059732775,E3_ablation,2
LRU,1000,zipf_s1.1_drift,50000,5000,0.80862,0.7895763878816483,14125937.571053483,17890526.854471814,1567.2928133672174,5.0,9423.052700133023,24114.966130551835,8600,0.0374430000083521,1335363.0849250036,E3_ablation,2
LFU,1000,zipf_s1.1_drift,50000,5000,0.78786,0.7620487195096664,13633453.080803545,17890526.854471814,1770.4108094672292,5.0,10165.72113364553,26874.710327280853,9800,0.04772316699381918,1047709.176687199,E3_ablation,2
COST_ONLY,1000,zipf_s1.1_drift,50000,5000,0.78312,0.8327782074223209,14898840.88370793,17890526.854471814,1265.653988305426,5.0,7285.875057583881,18011.673716081692,10000,0.07969583407975733,627385.3655883871,E3_ablation,2
GDSF_NO_AGE,1000,zipf_s1.1_drift,50000,5000,0.75632,0.8150250575854014,14581227.679799061,17890526.854471814,1400.6052698689916,5.0,7765.640536924984,17032.577146926425,11200,0.07442858396098018,671784.9156745066,E3_ablation,2
GDSF,1000,zipf_s1.1_drift,50000,5000,0.7972,0.8335546346675519,14912731.576189278,17890526.854471814,1255.944111312857,5.0,7344.400920498805,18648.268765195153,9200,0.076970582944341,649598.8218792109,E3_ablation,2
LRU,500,zipf_s1.1,50000,5000,0.73984,0.8313131471998263,25979754.03199723,31251465.37078929,2190.4317355175363,5.0,11966.51430728063,29401.316056909236,12600,0.042235290980897844,1183844.0990643103,E3_ablation,3
LFU,500,zipf_s1.1,50000,5000,0.76798,0.8466611786820003,26459402.506372176,31251465.37078929,1990.2710457674646,5.0,11489.084052878394,28157.336220277484,11200,0.04736829095054418,1055558.4547520094,E3_ablation,3
COST_ONLY,500,zipf_s1.1,50000,5000,0.70614,0.8608061586994831,26901453.859559044,31251465.37078929,1831.6933044926063,5.0,9700.718958115414,22247.85301369533,14200,0.0830974169075489,601703.4206445687,E3_ablation,3
GDSF_NO_AGE,500,zipf_s1.1,50000,5000,0.73134,0.881035994341836,27533665.867592797,31251465.37078929,1571.374501279073,5.0,8807.904460901842,19051.70337102883,13000,0.0725342920050025,689329.1244443612,E3_ablation,3
GDSF,500,zipf_s1.1,50000,5000,0.74748,0.8766873319165511,27397763.794399753,31251465.37078929,1620.9740305562925,5.0,9047.003832075063,21673.58600424233,12200,0.0768452079501003,650658.6595805384,E3_ablation,3
LRU,1000,zipf_s1.1,50000,5000,0.81136,0.8776500625422303,27427850.537209567,31251465.37078929,1590.0947334323537,5.0,9565.87440411918,25046.882892233112,8600,0.03704687498975545,1349641.501849386,E3_ablation,3
LFU,1000,zipf_s1.1,50000,5000,0.82328,0.8854063950187134,27670247.293002706,31251465.37078929,1489.619631115028,5.0,9086.246373042297,24270.298724791,8000,0.042589375050738454,1174001.730253918,E3_ablation,3
COST_ONLY,1000,zipf_s1.1,50000,5000,0.78508,0.9028511982566878,28215422.957294494,31251465.37078929,1282.818365398278,5.0,7281.316929873834,18699.40700128805,9800,0.07969733292702585,627373.5665129729,E3_ablation,3
GDSF_NO_AGE,1000,zipf_s1.1,50000,5000,0.8097,0.9147744021456969,28588040.550740723,31251465.37078929,1126.5084280197384,5.0,6510.296044708093,16257.093134844836,8600,0.06685708300210536,747863.9174016234,E3_ablation,3
GDSF,1000,zipf_s1.1,50000,5000,0.81516,0.9106949756868927,28460552.49603072,31251465.37078929,1175.8929499037417,5.0,6918.763023065127,18385.578662829554,8400,0.07230012502986938,691561.7362949715,E3_ablation,3
LRU,500,zipf_s1.1_drift,50000,5000,0.73784,0.7619117107152883,17169862.766033873,22535239.351964653,2228.4878343740147,5.0,12218.84345986363,29429.437247417267,12700,0.04243929102085531,1178153.5175841944,E3_ablation,3
LFU,500,zipf_s1.1_drift,50000,5000,0.70884,0.7406965650189838,16691774.37988085,22535239.351964653,2428.2781888353825,5.0,12708.489619825476,30300.506244396078,14100,0.05169675010256469,967178.7859159736,E3_ablation,3
COST_ONLY,500,zipf_s1.1_drift,50000,5000,0.6961,0.8009632622840902,18049898.827702414,22535239.351964653,1888.786709706296,5.0,10064.737200421989,22007.04154684922,14700,0.08250983303878456,605988.3793062216,E3_ablation,3
GDSF_NO_AGE,500,zipf_s1.1_drift,50000,5000,0.65058,0.7785244919255099,17544235.76690804,22535239.351964653,2104.480334024195,5.0,10333.118032460265,20032.510450392674,17000,0.08185308298561722,610850.5407033444,E3_ablation,3
GDSF,500,zipf_s1.1_drift,50000,5000,0.73142,0.8129799230804842,18320697.154960524,22535239.351964653,1770.0479788029638,5.0,9715.246184389514,22147.005238332476,13000,0.08106095797847956,616819.7520349344,E3_ablation,3
LRU,1000,zipf_s1.1_drift,50000,5000,0.80802,0.8295966631114943,18695159.36880871,22535239.351964653,1597.6660932635652,5.0,9849.981953282977,24279.944627052846,8600,0.03787775000091642,1320036.168959093,E3_ablation,3
LFU,1000,zipf_s1.1_drift,50000,5000,0.78994,0.8110854771081194,18278005.361533917,22535239.351964653,1769.861296173611,5.0,10520.85197135658,25439.781219809003,9600,0.04677775001619011,1068884.2448107197,E3_ablation,3
COST_ONLY,1000,zipf_s1.1_drift,50000,5000,0.78028,0.860989016578189,19402593.568002153,22535239.351964653,1322.875713585962,5.0,7608.180921688095,18595.233561662168,10000,0.08005554100964218,624566.3869035351,E3_ablation,3
GDSF_NO_AGE,1000,zipf_s1.1_drift,50000,5000,0.76084,0.8495996519271941,19145931.509525176,22535239.351964653,1431.275336976803,5.0,7967.368387452278,17937.665503930508,11000,0.07372591702733189,678187.5630175459,E3_ablation,3
GDSF,1000,zipf_s1.1_drift,50000,5000,0.8,0.8630123268470696,19448189.349194665,22535239.351964653,1298.8200011089543,5.0,7740.320355885458,18920.62923226525,9000,0.07538808300159872,663234.7979844464,E3_ablation,3
LRU,500,zipf_s1.1,50000,5000,0.7377,0.7684703399367063,17253514.414357275,22451763.611043636,2161.6781786763568,5.0,12265.944857313543,28082.20207126511,12700,0.04289587493985891,1165613.2453318937,E3_ablation,4
LFU,500,zipf_s1.1,50000,5000,0.76704,0.7924138475290297,17791088.38683935,22451763.611043636,1937.993289683269,5.0,11361.9148683844,26394.88590761651,11200,0.04787904198747128,1044298.2550294911,E3_ablation,4
COST_ONLY,500,zipf_s1.1,50000,5000,0.70016,0.8075359283408763,18130605.770534027,22451763.611043636,1821.9159362051964,5.0,9846.060182360923,21865.784009604096,14500,0.08124220801983029,615443.6372260534,E3_ablation,4
GDSF_NO_AGE,500,zipf_s1.1,50000,5000,0.72816,0.8356436577711778,18761673.86734633,22451763.611043636,1561.228697480025,5.0,8653.577327322591,18839.441302145053,13100,0.07236183295026422,690971.9939566213,E3_ablation,4
GDSF,500,zipf_s1.1,50000,5000,0.7446,0.8307953108764833,18652819.928962313,22451763.611043636,1599.9204728336774,5.0,9084.269135365788,21383.043507549406,12300,0.07754545798525214,644783.0898040369,E3_ablation,4
LRU,1000,zipf_s1.1,50000,5000,0.81296,0.8333701781825705,18710630.24104839,22451763.611043636,1556.630147999234,5.0,9749.281477222232,24215.73692167298,8400,0.03639362507965416,1373866.9860604922,E3_ablation,4
LFU,1000,zipf_s1.1,50000,5000,0.82092,0.841523065068025,18893676.930148188,22451763.611043636,1481.0632723592958,5.0,9266.193355803669,23656.65344560291,8000,0.04416620801202953,1132087.2280088325,E3_ablation,4
COST_ONLY,1000,zipf_s1.1,50000,5000,0.78286,0.8677188002685184,19481817.384487163,22451763.611043636,1257.034790623443,5.0,7281.748172036185,18012.689324662395,10000,0.081897999974899,610515.5194916183,E3_ablation,4
GDSF_NO_AGE,1000,zipf_s1.1,50000,5000,0.80792,0.8843444513699679,19855092.572896592,22451763.611043636,1100.3320152595963,5.0,6584.710764586027,15744.590106896125,8800,0.06820383400190622,733096.6173925436,E3_ablation,4
GDSF,1000,zipf_s1.1,50000,5000,0.8151,0.879268720449336,19741133.462113302,22451763.611043636,1143.7975595729365,5.0,6836.275091757347,18138.033053232,8400,0.07170654193032533,697286.4491022758,E3_ablation,4
LRU,500,zipf_s1.1_drift,50000,5000,0.73546,0.8087471507921924,22456246.174810573,27766708.23855639,2207.2241254980745,5.0,12631.3929521709,28974.0600884786,12800,0.04257862491067499,1174298.1391459727,E3_ablation,4
LFU,500,zipf_s1.1_drift,50000,5000,0.7043,0.7837903003865665,21763276.591044262,27766708.23855639,2493.6041590045534,5.0,13626.708164808268,30774.20452629675,14300,0.052829707972705364,946437.1831438602,E3_ablation,4
COST_ONLY,500,zipf_s1.1_drift,50000,5000,0.69786,0.8371805743665611,23245748.751423363,27766708.23855639,1902.5150948529667,5.0,9943.470164665698,23284.373101438043,14700,0.0834875829750672,598891.4544924847,E3_ablation,4
GDSF_NO_AGE,500,zipf_s1.1_drift,50000,5000,0.66328,0.8211157065460383,22799680.25375993,27766708.23855639,2091.143593918296,5.0,10753.662463516253,21253.197974174826,16400,0.08129191701300442,615067.3011192663,E3_ablation,4
GDSF,500,zipf_s1.1_drift,50000,5000,0.72622,0.845080787856974,23465111.674433965,27766708.23855639,1806.4037256487227,5.0,9787.750332050056,23447.96371730187,13200,0.08149366604629904,613544.6154992398,E3_ablation,4
LRU,1000,zipf_s1.1_drift,50000,5000,0.80896,0.8606491340742871,23897393.40160693,27766708.23855639,1609.0827347796348,5.0,9835.534819207476,26362.95832689058,8600,0.03757129202131182,1330803.315777327,E3_ablation,4
LFU,1000,zipf_s1.1_drift,50000,5000,0.78614,0.8442719781242861,23442653.690565914,27766708.23855639,1797.7105191960225,5.0,10915.822161167229,27040.50404905327,9800,0.04826445900835097,1035958.9857072415,E3_ablation,4
COST_ONLY,1000,zipf_s1.1_drift,50000,5000,0.77926,0.88544863905337,24585994.02082175,27766708.23855639,1342.4039870937115,5.0,7823.699154978461,19583.519000185483,10200,0.08097258408088237,617492.952306619,E3_ablation,4
GDSF_NO_AGE,1000,zipf_s1.1_drift,50000,5000,0.75272,0.8743409887023689,24277571.134309605,27766708.23855639,1473.6024416985083,5.0,8224.17635706716,18221.676667019085,11400,0.07510362495668232,665746.8268520808,E3_ablation,4
GDSF,1000,zipf_s1.1_drift,50000,5000,0.79492,0.8875379273109872,24644006.67829725,27766708.23855639,1314.5792241035354,5.0,7822.999874998726,19979.79909063702,9400,0.0762653750134632,655605.5089373579,E3_ablation,4
LRU,500,zipf_s1.1,50000,5000,0.74246,0.7457001295336583,15609772.397187948,20933042.35705296,2210.282283946296,5.0,11916.392341794055,31747.364987636116,12400,0.041681583039462566,1199570.562199182,E3_ablation,5
LFU,500,zipf_s1.1,50000,5000,0.76682,0.7718985619433628,16158185.292508682,20933042.35705296,1983.730925817996,5.0,10895.82673939834,29196.872321823965,11200,0.047192915924824774,1059481.0475293945,E3_ablation,5
COST_ONLY,500,zipf_s1.1,50000,5000,0.71112,0.7912941180662646,16564193.290367983,20933042.35705296,1837.7592266742558,5.0,9501.428375980646,22542.70435397492,14000,0.0813287909841165,614788.433406873,E3_ablation,5
GDSF_NO_AGE,500,zipf_s1.1,50000,5000,0.73404,0.8195284729211965,17155224.236470334,20933042.35705296,1594.5854482332948,5.0,8514.246005925796,18986.50953667787,12800,0.07240258308593184,690583.0961950201,E3_ablation,5
GDSF,500,zipf_s1.1,50000,5000,0.75102,0.8145830060038789,17051700.568014722,20933042.35705296,1630.9858156155306,5.0,8828.452997845327,22062.914720675017,12000,0.07621616602409631,656028.8008214966,E3_ablation,5
LRU,1000,zipf_s1.1,50000,5000,0.81606,0.8180948166495887,17125213.449011315,20933042.35705296,1582.3938632169163,5.0,9247.343057624737,26269.881551714967,8200,0.03696804109495133,1352519.5958199804,E3_ablation,5
LFU,1000,zipf_s1.1,50000,5000,0.82628,0.8292742786505487,17359233.600606475,20933042.35705296,1485.7709025788358,5.0,8802.55162732736,25852.716762660162,7800,0.04442462499719113,1125501.9035762572,E3_ablation,5
COST_ONLY,1000,zipf_s1.1,50000,5000,0.7915,0.8564472210018772,17928045.95381259,20933042.35705296,1268.5060612963227,5.0,7154.586160371093,18675.470078463917,9600,0.08036045799963176,622196.5534371284,E3_ablation,5
GDSF_NO_AGE,1000,zipf_s1.1,50000,5000,0.81456,0.872442637630446,18262878.687617134,20933042.35705296,1127.7702677744612,5.0,6691.195849785014,16380.658138993469,8400,0.06747787503991276,740983.6182663621,E3_ablation,5
GDSF,1000,zipf_s1.1,50000,5000,0.81978,0.8674749666471272,18158890.220507417,20933042.35705296,1167.8257546183754,5.0,6867.766610663259,18675.427351365834,8200,0.07197358296252787,694699.3319206001,E3_ablation,5
LRU,500,zipf_s1.1_drift,50000,5000,0.74046,0.7419434934621781,14972070.592973087,20179529.472127266,2164.547851660755,5.0,11675.547489173488,28409.932619547853,12500,0.04301033401861787,1162511.3159631942,E3_ablation,5
LFU,500,zipf_s1.1_drift,50000,5000,0.71156,0.7129680799295649,14387360.381624643,20179529.472127266,2406.9574362001304,5.0,12585.281874242537,29814.50811799694,14000,0.051882166997529566,963722.2747920458,E3_ablation,5
COST_ONLY,500,zipf_s1.1_drift,50000,5000,0.70118,0.7911839228882084,15965719.289795866,20179529.472127266,1778.6759729316743,5.0,9464.33159744815,21751.268609410257,14500,0.08515370893292129,587173.4845911039,E3_ablation,5
GDSF_NO_AGE,500,zipf_s1.1_drift,50000,5000,0.66496,0.768007287415257,15498025.691204695,20179529.472127266,1976.4383123681944,5.0,9998.942377948886,20916.865972850846,16300,0.08152949996292591,613274.9498370113,E3_ablation,5
GDSF,500,zipf_s1.1_drift,50000,5000,0.73252,0.8021275104280482,16186555.73708687,20179529.472127266,1681.0960940152625,5.0,9363.198412317175,21543.086732851956,12900,0.0812947090016678,615046.1772238367,E3_ablation,5
LRU,1000,zipf_s1.1_drift,50000,5000,0.81272,0.8168065371300982,16482771.58904303,20179529.472127266,1538.9507532328587,5.0,9386.247604570692,23906.83445917282,8400,0.0371867089997977,1344566.4148519302,E3_ablation,5
LFU,1000,zipf_s1.1_drift,50000,5000,0.79298,0.7970563711786067,16084222.533145504,20179529.472127266,1704.1936755918366,5.0,10118.586816870848,25770.87330341609,9400,0.046864000032655895,1066917.0357877875,E3_ablation,5
COST_ONLY,1000,zipf_s1.1_drift,50000,5000,0.7841,0.8523818969386524,17200665.610781282,20179529.472127266,1260.2360445376523,5.0,7335.230065276833,17802.48389876895,9800,0.08042158291209489,621723.649168317,E3_ablation,5
GDSF_NO_AGE,1000,zipf_s1.1_drift,50000,5000,0.76062,0.840314066533425,16957142.471454363,20179529.472127266,1364.5719002683752,5.0,7655.310095900268,16913.50318901555,11000,0.07378408289514482,677652.9305250758,E3_ablation,5
GDSF,1000,zipf_s1.1_drift,50000,5000,0.80034,0.8543831699669764,17241050.35883812,20179529.472127266,1239.2913453149215,5.0,7428.048334942377,18096.044170742094,9000,0.07560750003904104,661310.0548779125,E3_ablation,5
LRU,500,zipf_s1.1,50000,5000,0.74172,0.8019995339499533,21000059.824118212,26184628.463173978,2155.02005562247,5.0,12123.49514589669,27977.280908794222,12500,0.042820499977096915,1167665.0208835285,E3_ablation,6
LFU,500,zipf_s1.1,50000,5000,0.76802,0.8230732882779931,21551868.25152214,26184628.463173978,1926.5381846608511,5.0,11242.936344370391,26055.95610940832,11100,0.0476117079379037,1050161.864917998,E3_ablation,6
COST_ONLY,500,zipf_s1.1,50000,5000,0.7081,0.839711699664085,21987538.8718844,26184628.463173978,1769.9463365159572,5.0,9499.673788104672,20873.438746724678,14100,0.08156850002706051,612981.7268113598,E3_ablation,6
GDSF_NO_AGE,500,zipf_s1.1,50000,5000,0.73626,0.8625953309808939,22586738.255803294,26184628.463173978,1521.9593829483783,5.0,8450.721312762702,17414.48846975403,12700,0.07158254110254347,698494.3427528504,E3_ablation,6
GDSF,500,zipf_s1.1,50000,5000,0.7504,0.8590022036180434,22492653.550786186,26184628.463173978,1555.4219649552397,5.0,8850.134481901528,19690.66396450627,12000,0.07683549995999783,650740.8688175523,E3_ablation,6
LRU,1000,zipf_s1.1,50000,5000,0.81462,0.8609478226395694,22543598.86199573,26184628.463173978,1516.0989404714048,5.0,9288.903652000652,23112.132907502513,8400,0.0366430829744786,1364514.0075911272,E3_ablation,6
LFU,1000,zipf_s1.1,50000,5000,0.82544,0.8709006736664486,22804210.568283882,26184628.463173978,1408.6623579561287,5.0,8754.928315774638,22543.193430086245,7800,0.04348291701171547,1149876.8582275345,E3_ablation,6
COST_ONLY,1000,zipf_s1.1,50000,5000,0.78868,0.8891821883124941,23282905.237034656,26184628.463173978,1228.028690455824,5.0,7227.267555998584,17177.469640555784,9600,0.07944912498351187,629333.5516329039,E3_ablation,6
GDSF_NO_AGE,1000,zipf_s1.1,50000,5000,0.8098,0.9008266700493682,23587811.66496092,26184628.463173978,1099.835719285292,5.0,6570.899894519538,15760.059029220038,8600,0.06748275004792958,740930.0890151561,E3_ablation,6
GDSF,1000,zipf_s1.1,50000,5000,0.8185,0.8978071514819851,23508746.69313634,26184628.463173978,1128.8952080151194,5.0,6838.393792268606,17036.42237864665,8200,0.07176120893564075,696755.2629282298,E3_ablation,6
LRU,500,zipf_s1.1_drift,50000,5000,0.73972,0.7722015847641163,17358994.722245347,22479874.510420725,2130.1345152717076,5.0,11998.716356345685,27350.24560525236,12600,0.04208174999803305,1188163.5151184793,E3_ablation,6
LFU,500,zipf_s1.1_drift,50000,5000,0.70842,0.7454302941630834,16757179.469052121,22479874.510420725,2380.0941165493186,5.0,12812.310084539144,28441.978131768297,14100,0.05146433296613395,971546.6444090988,E3_ablation,6
COST_ONLY,500,zipf_s1.1_drift,50000,5000,0.70108,0.8046717233877113,18088919.363839727,22479874.510420725,1849.5634586336275,5.0,9725.902911853107,21801.510397623744,14500,0.08199204201810062,609815.27925554,E3_ablation,6
GDSF_NO_AGE,500,zipf_s1.1_drift,50000,5000,0.6557,0.7788997223296097,17509568.014171172,22479874.510420725,2094.691098501316,5.0,10284.323919965267,21317.054217517136,16800,0.08221545803826302,608158.1395159294,E3_ablation,6
GDSF,500,zipf_s1.1_drift,50000,5000,0.72946,0.8134569774266596,18286410.77217745,22479874.510420725,1762.1947952984947,5.0,9646.289397809804,21801.510397623744,13100,0.08126745803747326,615252.4172337775,E3_ablation,6
LRU,1000,zipf_s1.1_drift,50000,5000,0.8108,0.8317946048638046,18698638.33578332,22479874.510420725,1573.3084698560012,5.0,9559.174640000361,24614.873479537924,8600,0.037925540935248137,1318372.7579618995,E3_ablation,6
LFU,1000,zipf_s1.1_drift,50000,5000,0.78566,0.8118108133705633,18249405.210772842,22479874.510420725,1760.4180198603704,5.0,10452.205326801024,25224.356494631407,9800,0.07202199997846037,694232.3181104872,E3_ablation,6
COST_ONLY,1000,zipf_s1.1_drift,50000,5000,0.78474,0.8645922207699421,19435924.62559427,22479874.510420725,1286.0816539313566,5.0,7450.807326594666,18636.81596847401,9800,0.08049375005066395,621166.2392239057,E3_ablation,6
GDSF_NO_AGE,1000,zipf_s1.1_drift,50000,5000,0.75626,0.8476977775094772,19056139.661175594,22479874.510420725,1446.3972396989086,5.0,8136.787447944347,18149.62753386448,11200,0.07417879207059741,674047.1043585344,E3_ablation,6
GDSF,1000,zipf_s1.1_drift,50000,5000,0.79984,0.8653899221492231,19453856.852497295,22479874.510420725,1274.454263170166,5.0,7504.007816552541,18948.552351916464,9200,0.07589612493757159,658795.1630090144,E3_ablation,6
LRU,500,zipf_s1.1,50000,5000,0.73568,0.6744454065794956,11092126.720794704,16446292.928362165,2224.640883027057,5.0,12303.605859502484,30645.73307908414,12800,0.041592041961848736,1202153.0475917403,E3_ablation,7
LFU,500,zipf_s1.1,50000,5000,0.76846,0.70557106109724,11604028.352580527,16446292.928362165,2010.2101303127313,5.0,11690.421955720793,30631.142326097233,11100,0.046886209049262106,1066411.659502399,E3_ablation,7
COST_ONLY,500,zipf_s1.1,50000,5000,0.69112,0.7274012202363583,11963053.54445523,16446292.928362165,1889.4153535627986,5.0,9795.401655783477,22429.546426226618,15000,0.08171399997081608,611890.2515830501,E3_ablation,7
GDSF_NO_AGE,500,zipf_s1.1,50000,5000,0.73466,0.768660919413379,12641622.643256614,16446292.928362165,1605.1434140422248,5.0,8951.382810316798,18893.3869136832,12800,0.07303624995984137,684591.5559395815,E3_ablation,7
GDSF,500,zipf_s1.1,50000,5000,0.74792,0.7623971583921683,12538606.994668527,16446292.928362165,1642.4379734774798,5.0,9172.846928062696,21599.546788102605,12200,0.07769983308389783,643502.0258796641,E3_ablation,7
LRU,1000,zipf_s1.1,50000,5000,0.81116,0.7669667529249141,12613759.884917907,16446292.928362165,1593.7210173777478,5.0,9565.08854087926,25180.613344276335,8600,0.037755665951408446,1324304.5444980368,E3_ablation,7
LFU,1000,zipf_s1.1,50000,5000,0.82124,0.7748190561631393,12742901.164136084,16446292.928362165,1539.0909056904968,5.0,9397.092753623914,25204.311428319364,8000,0.044216333073563874,1130803.8574074807,E3_ablation,7
COST_ONLY,1000,zipf_s1.1,50000,5000,0.78154,0.8131677657460569,13373595.275361435,16446292.928362165,1298.5247612002913,5.0,7724.337586503966,18697.978410891395,10000,0.07923999999184161,630994.4473138301,E3_ablation,7
GDSF_NO_AGE,1000,zipf_s1.1,50000,5000,0.81052,0.8390403764466324,13799103.809764579,16446292.928362165,1119.7722474390705,5.0,6954.913297035602,16035.379446639088,8600,0.06804024998564273,734859.1460282784,E3_ablation,7
GDSF,1000,zipf_s1.1,50000,5000,0.8157,0.8294722778996507,13641744.058293482,16446292.928362165,1181.1880480274913,5.0,7294.810815200787,18645.1053707534,8400,0.07239658397156745,690640.3210907943,E3_ablation,7
LRU,500,zipf_s1.1_drift,50000,5000,0.73474,0.7187077719788747,13463871.178278508,18733443.136711005,2191.08048337271,5.0,12000.790162425576,28392.491847197318,12800,0.043847499997355044,1140315.867564082,E3_ablation,7
LFU,500,zipf_s1.1_drift,50000,5000,0.70646,0.6887272390883451,12902232.570165478,18733443.136711005,2424.078526617952,5.0,12703.332181596932,29204.814700416122,14200,0.05308749992400408,941841.3010892601,E3_ablation,7
COST_ONLY,500,zipf_s1.1_drift,50000,5000,0.69238,0.7619167346621327,14273323.82370159,18733443.136711005,1879.7956252035574,5.0,9734.994297217887,22240.023376438654,14900,0.08351662498898804,598683.1963886552,E3_ablation,7
GDSF_NO_AGE,500,zipf_s1.1_drift,50000,5000,0.65032,0.7309485907002689,13693183.859742533,18733443.136711005,2124.259310787186,5.0,10416.698383062016,20359.662429845448,17000,0.0824623330263421,606337.4411687795,E3_ablation,7
GDSF,500,zipf_s1.1_drift,50000,5000,0.72252,0.7745855800326618,14510654.918058181,18733443.136711005,1775.9718874609234,5.0,9568.03533148196,21756.845244399276,13400,0.08113129099365324,616285.0287185917,E3_ablation,7
LRU,1000,zipf_s1.1_drift,50000,5000,0.80788,0.7934145911654875,14863387.12743547,18733443.136711005,1609.69780370994,5.0,9564.061657087217,25735.494413409055,8800,0.03745037491898984,1335100.1187079349,E3_ablation,7
LFU,1000,zipf_s1.1_drift,50000,5000,0.78962,0.7755286386721117,14528321.6534549,18733443.136711005,1749.1106933021626,5.0,10263.110151462117,26246.98037024055,9600,0.04787937505170703,1044290.9905570576,E3_ablation,7
COST_ONLY,1000,zipf_s1.1_drift,50000,5000,0.77722,0.8335974436669717,15616150.30984287,18733443.136711005,1317.637230747022,5.0,7489.63624296439,18402.580839045524,10200,0.08020529104396701,623400.2688499809,E3_ablation,7
GDSF_NO_AGE,1000,zipf_s1.1_drift,50000,5000,0.75458,0.8179614058053991,15323233.48367964,18733443.136711005,1441.482761212372,5.0,8063.531105263593,17521.793442822236,11400,0.07511295797303319,665664.1057585675,E3_ablation,7
GDSF,1000,zipf_s1.1_drift,50000,5000,0.79518,0.8358013596844209,15657437.245233841,18733443.136711005,1295.8242565906335,5.0,7507.348519178366,18826.809434657407,9400,0.07550904201343656,662172.3526978754,E3_ablation,7
LRU,500,zipf_s1.1,50000,5000,0.73892,0.6401864739433255,9486703.361888684,14818656.357192146,2214.799798120202,5.0,12601.411265598763,30124.26728329347,12600,0.042540375026874244,1175354.001190945,E3_ablation,8
LFU,500,zipf_s1.1,50000,5000,0.77268,0.684489215137264,10143210.45932328,14818656.357192146,1942.2377591465768,5.0,11324.207511594519,28438.690726894285,10900,0.04658270801883191,1073359.6677073087,E3_ablation,8
COST_ONLY,500,zipf_s1.1,50000,5000,0.70696,0.7023298409595649,10407584.562581204,14818656.357192146,1855.8755178434456,5.0,9776.053935505828,23559.56814711215,14200,0.08149691601283848,613520.1483222179,E3_ablation,8
GDSF_NO_AGE,500,zipf_s1.1,50000,5000,0.7338,0.7494235911672595,11105450.663480477,14818656.357192146,1568.8112774839417,5.0,8413.72346601352,18805.497308742437,12900,0.07407408393919468,674999.9101041005,E3_ablation,8
GDSF,500,zipf_s1.1,50000,5000,0.74708,0.7380983594228162,10937625.946094008,14818656.357192146,1632.0235644385045,5.0,8738.761059770712,21851.600504513,12200,0.0801190830534324,624071.0464279077,E3_ablation,8
LRU,1000,zipf_s1.1,50000,5000,0.81262,0.7409013133390606,10979161.95696388,14818656.357192146,1596.07486009056,5.0,9658.903941407336,26605.650249612343,8400,0.03704933391418308,1349551.9275950922,E3_ablation,8
LFU,1000,zipf_s1.1,50000,5000,0.82486,0.7554263530047339,11194403.528344078,14818656.357192146,1506.36743153853,5.0,8947.586922319946,26761.859708081873,7800,0.0434397499775514,1151019.5161307047,E3_ablation,8
COST_ONLY,1000,zipf_s1.1,50000,5000,0.78678,0.7972055106935743,11813514.509027945,14818656.357192146,1269.9566392651125,5.0,7257.644838077958,18705.97396694089,9800,0.07880474999547005,634479.5206237462,E3_ablation,8
GDSF_NO_AGE,1000,zipf_s1.1,50000,5000,0.81088,0.8224686018027678,12187879.57469552,14818656.357192146,1113.101112998199,5.0,6526.812692149723,16600.701257087676,8600,0.06674400006886572,749131.0072577393,E3_ablation,8
GDSF,1000,zipf_s1.1,50000,5000,0.81638,0.815124816202202,12079054.53951984,14818656.357192146,1155.0086270684458,5.0,6802.154145865179,18558.725209167504,8200,0.07142479193862528,700037.0409614155,E3_ablation,8
LRU,500,zipf_s1.1_drift,50000,5000,0.73692,0.6988553972157523,12550390.26079506,17958493.718151074,2245.849982941797,5.0,12587.190045665058,28764.7826612652,12700,0.042922790977172554,1164882.3122101098,E3_ablation,8
LFU,500,zipf_s1.1_drift,50000,5000,0.69938,0.652522281342381,11718317.290440757,17958493.718151074,2589.7534710834343,5.0,14026.405202892514,30100.223777787305,14600,0.05279354192316532,947085.5369539141,E3_ablation,8
COST_ONLY,500,zipf_s1.1_drift,50000,5000,0.69692,0.7442291459502247,13365234.442412049,17958493.718151074,1931.7123102951857,5.0,10255.273499187493,23611.85118323095,14700,0.08351566700730473,598690.0636933994,E3_ablation,8
GDSF_NO_AGE,500,zipf_s1.1_drift,50000,5000,0.65152,0.7080503468536721,12715517.70610636,17958493.718151074,2204.9920048175018,5.0,11097.451674954982,22049.275115816996,17000,0.0815454579424113,613154.9354387192,E3_ablation,8
GDSF,500,zipf_s1.1_drift,50000,5000,0.72718,0.7550400130732517,13559381.331728697,17958493.718151074,1845.1268545685693,5.0,10196.60403425605,23552.98529695916,13200,0.08161454100627452,612635.9271708212,E3_ablation,8
LRU,1000,zipf_s1.1_drift,50000,5000,0.80822,0.7796961001393521,14002167.516419444,17958493.718151074,1644.1055806923107,5.0,10087.420071381246,25825.613530039525,8600,0.037783958949148655,1323312.8923121116,E3_ablation,8
LFU,1000,zipf_s1.1_drift,50000,5000,0.7871,0.7537584892922936,13536367.094958698,17958493.718151074,1836.6561492765688,5.0,10852.077139329114,27398.010907080345,9800,0.046707249945029616,1070497.6220789207,E3_ablation,8
COST_ONLY,1000,zipf_s1.1_drift,50000,5000,0.77804,0.8179231926170804,14688668.516543908,17958493.718151074,1378.4082806426215,5.0,7984.3804466298525,19929.309424781306,10200,0.0794920000480488,628994.1122349115,E3_ablation,8
GDSF_NO_AGE,1000,zipf_s1.1_drift,50000,5000,0.75294,0.7990959672091311,14350559.907325037,17958493.718151074,1521.0562243302304,5.0,8625.656968761075,19152.221049871732,11400,0.0753776669735089,663326.4467786228,E3_ablation,8
GDSF,1000,zipf_s1.1_drift,50000,5000,0.79836,0.8213168400786472,14749613.313164076,17958493.718151074,1348.0359619945893,5.0,7984.3804466298525,20573.89084532161,9200,0.07625066605396569,655731.977011361,E3_ablation,8
LRU,500,zipf_s1.1,50000,5000,0.74122,0.6970044964538497,12059894.45644115,17302462.922116406,2178.367486269656,5.0,12258.49361163036,29495.29564511438,12500,0.041554249939508736,1203246.3604272942,E3_ablation,9
LFU,500,zipf_s1.1,50000,5000,0.7678,0.7195538497079734,12450053.805038331,17302462.922116406,2014.4626468308327,5.0,11724.506906896613,28532.939060852837,11200,0.04677616700064391,1068920.4183684336,E3_ablation,9
COST_ONLY,500,zipf_s1.1,50000,5000,0.69542,0.7431826422474707,12858890.111847363,17302462.922116406,1872.280224107293,5.0,9964.12633106959,22286.756433257688,14800,0.08176020800601691,611544.4324251278,E3_ablation,9
GDSF_NO_AGE,500,zipf_s1.1,50000,5000,0.7322,0.7795048677669315,13487354.072146585,17302462.922116406,1610.0445399876814,5.0,8805.304400600891,18835.586321666946,12900,0.0728679170133546,686173.0381401795,E3_ablation,9
GDSF,500,zipf_s1.1,50000,5000,0.74496,0.7715252493806392,13349287.020885123,17302462.922116406,1661.5071604922643,5.0,9059.733664897874,21583.236192050495,12300,0.07799604197498411,641058.170824061,E3_ablation,9
LRU,1000,zipf_s1.1,50000,5000,0.81368,0.7776051675022606,13454484.578753982,17302462.922116406,1599.1557373447172,5.0,9854.713866202786,25651.712154320317,8400,0.03706354193855077,1349034.5872204318,E3_ablation,9
LFU,1000,zipf_s1.1,50000,5000,0.82492,0.7908714587786714,13684024.091678075,17302462.922116406,1504.024132175097,5.0,9254.842314984151,24557.900797094513,7800,0.043363999924622476,1153030.1652733271,E3_ablation,9
COST_ONLY,1000,zipf_s1.1,50000,5000,0.78294,0.8229446562078937,14238969.400990915,17302462.922116406,1294.4301084500585,5.0,7314.6023679315385,18354.24992581708,10000,0.07906354090664536,632402.741220985,E3_ablation,9
GDSF_NO_AGE,1000,zipf_s1.1,50000,5000,0.8127,0.8443086012830038,14608618.268523138,17302462.922116406,1137.7913614371898,5.0,6744.728850896143,16508.40871624803,8400,0.06797312502749264,735584.8356210904,E3_ablation,9
GDSF,1000,zipf_s1.1,50000,5000,0.81938,0.8401392100242352,14536477.530860499,17302462.922116406,1164.677056502236,5.0,6812.33164650337,18217.810053123874,8200,0.07150283304508775,699272.9920011889,E3_ablation,9
LRU,500,zipf_s1.1_drift,50000,5000,0.73926,0.7551151944848558,15995250.834505621,21182530.759982497,2156.830270190177,5.0,12155.633586568694,28715.956210192384,12600,0.041994541068561375,1190630.9422067194,E3_ablation,9
LFU,500,zipf_s1.1_drift,50000,5000,0.70488,0.7196220380691789,15243415.956961678,21182530.759982497,2467.70632120776,5.0,12989.816108921013,31668.498563257443,14300,0.052904457901604474,945099.9402166374,E3_ablation,9
COST_ONLY,500,zipf_s1.1_drift,50000,5000,0.699,0.7933947147765734,16806107.950562306,21182530.759982497,1844.3641237674308,5.0,9602.444960997896,22229.057571235287,14600,0.08171341707929969,611894.6164187081,E3_ablation,9
GDSF_NO_AGE,500,zipf_s1.1_drift,50000,5000,0.65242,0.7678834469349797,16265714.734781595,21182530.759982497,2074.2625100798437,5.0,10083.111058106995,20925.53986303871,16900,0.08164454100187868,612410.8162828606,E3_ablation,9
GDSF,500,zipf_s1.1_drift,50000,5000,0.7297,0.804124200841753,17033385.619176775,21182530.759982497,1744.396556321656,5.0,9309.552456978196,22305.985581162502,13100,0.08364212501328439,597784.9079283769,E3_ablation,9
LRU,1000,zipf_s1.1_drift,50000,5000,0.81002,0.8198452403307459,17366397.02173127,21182530.759982497,1587.4975952999243,5.0,9404.200385464375,25271.835951104276,8600,0.037763374974019825,1324034.2007142804,E3_ablation,9
LFU,1000,zipf_s1.1_drift,50000,5000,0.78812,0.7975508744776656,16894145.93127409,21182530.759982497,1782.8585314826921,5.0,10380.4900601884,27198.384670152118,9600,0.04710004199296236,1061570.1788009224,E3_ablation,9
COST_ONLY,1000,zipf_s1.1_drift,50000,5000,0.78168,0.8542729498571932,18095663.03777098,21182530.759982497,1304.151488884141,5.0,7551.932686503755,18408.844666879482,10000,0.08030495804268867,622626.5627761227,E3_ablation,9
GDSF_NO_AGE,1000,zipf_s1.1_drift,50000,5000,0.75536,0.8413098527306679,17821071.834143717,21182530.759982497,1421.7523703350435,5.0,7873.343394154834,17321.7075140317,11400,0.07534687500447035,663597.5280598365,E3_ablation,9
GDSF,1000,zipf_s1.1_drift,50000,5000,0.7968,0.8547010982765829,18104732.30483454,21182530.759982497,1296.0633820587539,5.0,7645.6008782211065,19134.297747554116,9200,0.07827454200014472,638777.2923654738,E3_ablation,9
LRU,500,zipf_s1.1,50000,5000,0.74256,0.6596570904005674,10062405.622297054,15253994.490056645,2157.5803471043178,5.0,12231.011828497269,28100.30687665882,12400,0.04174187500029802,1197837.9025772803,E3_ablation,10
LFU,500,zipf_s1.1,50000,5000,0.76342,0.6787720002570802,10353984.351926228,15253994.490056645,2034.795155252594,5.0,11896.700334955865,28401.026174516177,11400,0.04720595898106694,1059188.3117988065,E3_ablation,10
COST_ONLY,500,zipf_s1.1,50000,5000,0.69896,0.7160954476732506,10923316.013162412,15253994.490056645,1826.0781907580727,5.0,9367.456818611932,22379.332714487027,14600,0.08106858294922858,616761.7365572292,E3_ablation,10
GDSF_NO_AGE,500,zipf_s1.1,50000,5000,0.7342,0.7544532894641395,11508426.320491094,15253994.490056645,1581.6382678264922,5.0,8432.95215955619,18621.006552814928,12800,0.07258804095909,688818.69987619,E3_ablation,10
GDSF,500,zipf_s1.1,50000,5000,0.75054,0.749748264195525,11436655.890968071,15253994.490056645,1605.526139635699,5.0,8640.994957939656,21734.495591127845,12000,0.07681429199874401,650920.534434107,E3_ablation,10
LRU,1000,zipf_s1.1,50000,5000,0.8152,0.7538547104147317,11499295.598969566,15253994.490056645,1561.39555643511,5.0,9254.09730762982,24723.63930763975,8400,0.03712233295664191,1346898.1073576093,E3_ablation,10
LFU,1000,zipf_s1.1,50000,5000,0.8264,0.7688001403913503,11727273.105484432,15253994.490056645,1466.9005538291635,5.0,8792.507982977426,24206.81426930554,7800,0.04330074996687472,1154714.411141845,E3_ablation,10
COST_ONLY,1000,zipf_s1.1,50000,5000,0.78666,0.8075124795309124,12317790.913416518,15253994.490056645,1242.4167306562822,5.0,7140.657374544819,18062.565885252363,9800,0.08057745906990021,620520.9319969428,E3_ablation,10
GDSF_NO_AGE,1000,zipf_s1.1,50000,5000,0.81292,0.8302158464886815,12664107.947896061,15253994.490056645,1096.1432168644262,5.0,6598.412312687777,15756.97638777888,8400,0.06978279107715935,716509.0307825984,E3_ablation,10
GDSF,1000,zipf_s1.1,50000,5000,0.82016,0.8236691047045401,12564243.984792946,15253994.490056645,1133.9530021056926,5.0,6766.517898999856,18062.565885252363,8000,0.07785054203122854,642256.2861533228,E3_ablation,10
LRU,500,zipf_s1.1_drift,50000,5000,0.74064,0.6801844051881869,11020185.33629357,16201761.246267637,2154.1415639906622,5.0,12104.451030658005,28499.129359776674,12500,0.042400042060762644,1179244.1132097465,E3_ablation,10
LFU,500,zipf_s1.1_drift,50000,5000,0.708,0.646990635682972,10482387.80790644,16201761.246267637,2378.8893753456928,5.0,12653.016938589197,28347.700880498844,14100,0.05182570905890316,964772.1354506096,E3_ablation,10
COST_ONLY,500,zipf_s1.1_drift,50000,5000,0.70642,0.7343247185176957,11897353.766656393,16201761.246267637,1813.3690918452194,5.0,9614.45755922529,21736.031568888844,14200,0.08140291704330593,614228.6028079345,E3_ablation,10
GDSF_NO_AGE,500,zipf_s1.1_drift,50000,5000,0.64766,0.6898121052699867,11176171.034369562,16201761.246267637,2119.1763847600646,5.0,10377.395455880936,20335.317738167436,17200,0.0826730829430744,604791.7680102498,E3_ablation,10
GDSF,500,zipf_s1.1_drift,50000,5000,0.73392,0.7472033038144582,12106009.530824233,16201761.246267637,1721.794286178022,5.0,9454.347384008805,21742.284630216276,12900,0.08079804200679064,618826.8769656295,E3_ablation,10
LRU,1000,zipf_s1.1_drift,50000,5000,0.8112,0.769644613429542,12469598.27126139,16201761.246267637,1553.561190003078,5.0,9454.347384008805,24502.228417857998,8600,0.03773483296390623,1325035.6785155386,E3_ablation,10
LFU,1000,zipf_s1.1_drift,50000,5000,0.7897,0.7411068831515223,12007236.778786533,16201761.246267637,1744.8482869931227,5.0,10434.755114711785,25393.308692838444,9600,0.046523458091542125,1074726.6443869506,E3_ablation,10
COST_ONLY,1000,zipf_s1.1_drift,50000,5000,0.78542,0.8127300875133373,13167658.835549293,16201761.246267637,1281.9420642877417,5.0,7340.843471274256,17989.764960311786,9800,0.07978687493596226,626669.4871823279,E3_ablation,10
GDSF_NO_AGE,1000,zipf_s1.1_drift,50000,5000,0.7605,0.7928036962987077,12844816.20259014,16201761.246267637,1418.430517471365,5.0,8011.255184089173,17263.815014329826,11000,0.07374337501823902,678027.0090382147,E3_ablation,10
GDSF,1000,zipf_s1.1_drift,50000,5000,0.80248,0.8182080337349391,13256411.21235158,16201761.246267637,1241.4084135667956,5.0,7340.843471274256,18002.211359476365,9000,0.07568133296445012,660664.8963686535,E3_ablation,10
LRU,1000,novel_long,20000,20000,0.0,0.0,0.0,39947884.310540274,40247.88431054042,40234.3156817449,58308.37873469002,59875.703582175534,19000,0.032485125004313886,615666.4010787733,E4_overhead,1
LFU,1000,novel_long,20000,20000,0.0,0.0,0.0,39947884.310540274,40247.88431054042,40234.3156817449,58308.37873469002,59875.703582175534,19000,0.0543144999537617,368225.79637161596,E4_overhead,1
GDSF,1000,novel_long,20000,20000,0.0,0.0,0.0,39947884.310540274,40247.88431054042,40234.3156817449,58308.37873469002,59875.703582175534,19000,0.042146458057686687,474535.724274282,E4_overhead,1
LRU,1000,novel_long,20000,20000,0.0,0.0,0.0,39997952.625576094,40297.95262557628,40263.18614086379,58329.70388478366,59876.515901190665,19000,0.03267562505789101,612077.0441136548,E4_overhead,2
LFU,1000,novel_long,20000,20000,0.0,0.0,0.0,39997952.625576094,40297.95262557628,40263.18614086379,58329.70388478366,59876.515901190665,19000,0.04985820793081075,401137.5625003291,E4_overhead,2
GDSF,1000,novel_long,20000,20000,0.0,0.0,0.0,39997952.625576094,40297.95262557628,40263.18614086379,58329.70388478366,59876.515901190665,19000,0.04218508303165436,474101.2358561113,E4_overhead,2
LRU,1000,novel_long,20000,20000,0.0,0.0,0.0,39949340.15233535,40249.3401523355,40248.812401819174,58262.87309706051,59886.99101025888,19000,0.03265449998434633,612473.0132014715,E4_overhead,3
LFU,1000,novel_long,20000,20000,0.0,0.0,0.0,39949340.15233535,40249.3401523355,40248.812401819174,58262.87309706051,59886.99101025888,19000,0.05034937500022352,397224.3945413665,E4_overhead,3
GDSF,1000,novel_long,20000,20000,0.0,0.0,0.0,39949340.15233535,40249.3401523355,40248.812401819174,58262.87309706051,59886.99101025888,19000,0.04175783391110599,478952.04628132697,E4_overhead,3
LRU,1000,novel_long,20000,20000,0.0,0.0,0.0,39971629.74867624,40271.62974867617,40274.63718859629,58300.10167101747,59854.28683225993,19000,0.03224512503948063,620248.7965393898,E4_overhead,4
LFU,1000,novel_long,20000,20000,0.0,0.0,0.0,39971629.74867624,40271.62974867617,40274.63718859629,58300.10167101747,59854.28683225993,19000,0.05005904193967581,399528.22157685756,E4_overhead,4
GDSF,1000,novel_long,20000,20000,0.0,0.0,0.0,39971629.74867624,40271.62974867617,40274.63718859629,58300.10167101747,59854.28683225993,19000,0.04214333393611014,474570.90201549476,E4_overhead,4
LRU,1000,novel_long,20000,20000,0.0,0.0,0.0,39967930.4551897,40267.930455189766,40213.806954409985,58325.28729154132,59897.60726800045,19000,0.03289633302483708,607970.4988668431,E4_overhead,5
LFU,1000,novel_long,20000,20000,0.0,0.0,0.0,39967930.4551897,40267.930455189766,40213.806954409985,58325.28729154132,59897.60726800045,19000,0.049665583996102214,402693.34196431906,E4_overhead,5
GDSF,1000,novel_long,20000,20000,0.0,0.0,0.0,39967930.4551897,40267.930455189766,40213.806954409985,58325.28729154132,59897.60726800045,19000,0.04220020805951208,473931.31265597936,E4_overhead,5
LRU,1000,repetitive_short,50000,50,0.999,0.9989995631836649,1460002.8128187268,1461464.9161266019,5.879841323150205,5.0,5.0,5.0,0,0.02427391696255654,2059824.1345690908,E5_sanity,1
LFU,1000,repetitive_short,50000,50,0.999,0.9989995631836649,1460002.8128187268,1461464.9161266019,5.879841323150205,5.0,5.0,5.0,0,0.03283908299636096,1522576.0111980203,E5_sanity,1
FIFO,1000,repetitive_short,50000,50,0.999,0.9989995631836649,1460002.8128187268,1461464.9161266019,5.879841323150205,5.0,5.0,5.0,0,0.01573545904830098,3177536.787870113,E5_sanity,1
RR,1000,repetitive_short,50000,50,0.999,0.9989995631836649,1460002.8128187268,1461464.9161266019,5.879841323150205,5.0,5.0,5.0,0,0.015572333941236138,3210822.4874113495,E5_sanity,1
GDSF,1000,repetitive_short,50000,50,0.999,0.9989995631836649,1460002.8128187268,1461464.9161266019,5.879841323150205,5.0,5.0,5.0,0,0.04893308295868337,1021803.5933320915,E5_sanity,1
LRU,1000,repetitive_short,50000,50,0.999,0.9990003521505898,1517007.6144481404,1518525.6053037567,5.902196342246361,5.0,5.0,5.0,0,0.024123125011101365,2072699.949819528,E5_sanity,2
LFU,1000,repetitive_short,50000,50,0.999,0.9990003521505898,1517007.6144481404,1518525.6053037567,5.902196342246361,5.0,5.0,5.0,0,0.03299933404196054,1515182.0923544138,E5_sanity,2
FIFO,1000,repetitive_short,50000,50,0.999,0.9990003521505898,1517007.6144481404,1518525.6053037567,5.902196342246361,5.0,5.0,5.0,0,0.015423291944898665,3241850.0653835945,E5_sanity,2
RR,1000,repetitive_short,50000,50,0.999,0.9990003521505898,1517007.6144481404,1518525.6053037567,5.902196342246361,5.0,5.0,5.0,0,0.015474915970116854,3231035.315251695,E5_sanity,2
GDSF,1000,repetitive_short,50000,50,0.999,0.9990003521505898,1517007.6144481404,1518525.6053037567,5.902196342246361,5.0,5.0,5.0,0,0.0483258340973407,1034643.2903628129,E5_sanity,2
LRU,1000,repetitive_short,50000,50,0.999,0.9989998131084782,1423140.9782692548,1424565.8103188458,5.864932819836533,5.0,5.0,5.0,0,0.024168833973817527,2068779.985586635,E5_sanity,3
LFU,1000,repetitive_short,50000,50,0.999,0.9989998131084782,1423140.9782692548,1424565.8103188458,5.864932819836533,5.0,5.0,5.0,0,0.03288458299357444,1520469.333905492,E5_sanity,3
FIFO,1000,repetitive_short,50000,50,0.999,0.9989998131084782,1423140.9782692548,1424565.8103188458,5.864932819836533,5.0,5.0,5.0,0,0.015433375025168061,3239732.068874256,E5_sanity,3
RR,1000,repetitive_short,50000,50,0.999,0.9989998131084782,1423140.9782692548,1424565.8103188458,5.864932819836533,5.0,5.0,5.0,0,0.015491541009396315,3227567.868791927,E5_sanity,3
GDSF,1000,repetitive_short,50000,50,0.999,0.9989998131084782,1423140.9782692548,1424565.8103188458,5.864932819836533,5.0,5.0,5.0,0,0.048257666057907045,1036104.8116169197,E5_sanity,3
